id,trigger,conditions,script,text,options,notes
# Market descriptions,,,,,,
flavorTextMarketMeshan,TradePanelFlavorText,"$global.tradePanelMode == MARKET
$faction.id == independent
$market.id == armaa_meshanii_market","AddText ""As you approach the heart of civilization, your bodyguard points out the gradual transition from outdated architectural styles to striking billboards that proudly display a plethora of goods and services created by the planet's resident corporations."" 
AddText ""You vaguely remember hearing about how this unique blend of excessive consumerism and underlying traditional values emerged after one of the mega-corporations took on the task of 'rehabilitating' the planet following the tumultuous AI Wars. As you observe the scene around you, you notice a pair of security officers in flashy outfits walking past, likely responding to some disturbance."" marketFlavorTextColor
AddText ""Despite the thick pollution in the air, the inhabitants of this planet seem to be managing well enough, by the standards of the Sector at least."" marketFlavorTextColor",,,
flavorTextMarketAbandonedStation,TradePanelFlavorText,"$global.tradePanelMode == MARKET
$abandonedStation == true score:100
$market.id == armaa_research_station score: 1000","AddText ""The compact shuttle effortlessly maneuvers through the station, smoothly touching down at one of the operational hangars. Curiously, an inactive spacecraft occupies the space too, devoid of any indication of its owner or crew."" marketFlavorTextColor
AddText ""Upon inspection, it becomes evident that an area designated for storing smaller strikecraft has been left mostly undisturbed, suggesting the possibility of something valuable yet unclaimed within."" marketFlavorTextColor",,,
armaa_resStationOption,PopulateOptions,"$market.id == armaa_research_station 
!$armaa_searchStation
!$global.hasValk",,,9:armaa_stationInspect:Order a more detailed investigation,
armaa_resStationOption2,DialogOptionSelected,$option == armaa_stationInspect,"$armaa_searchStation = true 
AddTextSmall ""Discovered something of value may be in the system"" highlight","Your fleet fruitlessly attempts to raise the station, and predictably receive's no response.
A team is deployed to the station as a secondary measure. You watch from the feeds of the crew as the proceed to comb throughout the station for anything useful.

A few hours pass before you receive a new report, indicating hardly anything valuable could be found; the station indeed had been rather thoroughly combed through. The only standout mention was the indication that someone had been staying on the station until recently, and all indications pointed to them departing towards the gas giant Raven in search of something.",defaultLeave:Leave,
,,,,,,
nex_mercMeetBlurbCrimson,Nex_MercMeetBlurb,$nex_mercCompanyId == rocketStars,,"After a brieft moment, the connection resolves and a mercenaries visage stares back at you. 

""Ah, hello there! Are you in need of the skills of mercenaries with -real- talent?""",,
nex_mercMeetBlurbCrimsonInsulted,Nex_MercMeetBlurb,"$nex_mercCompanyId == rocketStars
$nex_mercInsulted score:5",SetEnabled nex_mercHire false,"Much like your last encounter, the faceplate of the $nex_mercRank greets you. This time, however, $nex_mercHisOrHer voice cuts the silence first.

""I have no business with you.""",,
nex_mercHireBlurbCrimson,Nex_MercHireBlurb,$nex_mercCompanyId == rocketStars,,"""Affirmative. I'll gather the crew.""

A small band of warcraft join up with your $shipOrFleet a short period later.",,
,,,,,,
nex_mercLeaving_letGoBlurbGeneric,Nex_MercLetGoBlurb,$nex_mercCompanyId == rocketStars,AdjustRepActivePerson COOPERATIVE 3,"""It's been a pleasure. Don't be a stranger.""

You accept $hisOrHer decision professionally and, after exchanging a few pleasantries, cut the comm link.",,
,,,,,,
nex_mercLeaving_checkCrimsonDebt,Nex_MercsLeavingGreeting,"$player.inDebt score:5
$nex_mercCompanyId == rocketStars","ShowPersonVisual 
FireBest Nex_MercLeavingOptions","I don't do charity work, Commander. Find me when your finances are in order.",,
nex_mercLeaving_letGoBlurbJerkCrimson,Nex_MercLetGoBlurb,"$nex_mercLetGoType == jerk score:5
$nex_mercCompanyId == rocketStars",AdjustRepActivePerson INHOSPITABLE -5,"Crimson allows you to finish your tirade. There is a brief silence before they chuckle creepily, cutting the comm.",,
,,,,,,
nex_mercLeaving_letGoBlurbRefusePayCrimson,Nex_MercLetGoBlurb,"$nex_mercLetGoType == refusePay score:5
$nex_mercCompanyId == rocketStars",AdjustRepActivePerson INHOSPITABLE -5,"The $personRank stares at you, faceplate masking their true reaction.

""Word about people like you spreads fast, $playerName. I'll see you very soon.""

The comm link is cut before you have a chance to respond.",,
,,,,,,
armaa_valkazardWreckOpen,OpenInteractionDialog,"$customType == wreck
$valkazard score:1000","$canNotSalvage = true 0
ShowDefaultVisual
SalvageGenFromSeed
FireBest ShowSalvageEntityDetails
FireBest SalvageCheckHostile","A battered mech drifts near your $shipOrFleet. Such a small vessel usually wouldn't be worth investigating, but the sensor pings are akin to that of a fully fledged starship, indicating what could be something unusual. 

The bridge display of your flagship filters through various sensors as data is collated before settling on an enhanced image that allows you to get a better look at the derelict. It's clear that it was damaged, and recently; your trained eye quickly identifies notable sections of the hull bearing the telltale burn marks of energy weapons.",,
armaa_valkazardWreckOpen1,ShipRecoveryCustomText,"$customType == wreck
$valkazard score:1000
!$foundStuff","AddCommodity organs 2
$foundStuff = true","You receive the first report shortly after a small salvor team is dispatched to the vessel, indicating they have located the pilot of the derelict. She's dead.

Only a minute number of megacorporations deal with vehicles like this. It may be worth checking up on them to see if they have any information on the vessel, and possibly even have a reward for the return of this machine...

While scarred, the salvor crew discover that many essential systems are mostly intact. The mech could be restored to basic functionality. 

The dispatched crew recover what they can of value. The law of salvage rules, even here.",,
armaa_valkazardWreckOpen2,ShipRecoveryCustomText,"$customType == wreck
$valkazard score:1000,Salvage crews boarding the wreck discover that many essential systems are undamaged and the ship could be restored to basic functionality.",,"Despite bearing noticeable scars, the salvor crew makes an encouraging discovery—most of the essential systems and the cockpit of the mech remain intact. Restoring the mech to a basic functional state should be a relatively straightforward task, requiring minimal effort.",,
armaa_valkazardWreckDetails,ShowSalvageEntityDetails,"$customType == wreck
$valkazard score:1000",ShowDefaultVisual,,,
,,,,,,
armaa_nex_NGCPickStartingShips_SC,ExerelinNGCStep3,"$playerFaction == armaarmatura
!$armaa_ChangeMind
$corvusMode","ARMAAMissionImage logo armaa_start
AddText ""One of the many contractor-slash-mercenaries employed by the Arma Armatura corporation, you have in your possession one of the companies CATAPHRACT S-IIs. These machines grant bonuses toward raids and grant access to the CATAPHRACT-STRIKE ability during invasions. Due to their STRIKECRAFT hullmod, they can also land and resupply on carriers. Your ultimate fate, and the mark you leave on the sector, is entirely up to you.""
SetTextHighlightColors hColor hColor hColor hColor
SetTextHighlights CATAPHRACT S-IIs CATAPHRACT-STRIKE STRIKECRAFT

AddText ""You will start in orbit of NEW MESHAN, the home of the corporation at the GAMLIN star system.""
SetTextHighlightColors ""152,171,75,255"" ""152,171,75,255"" hColor
SetTextHighlights NEW MESHAN GAMLIN

$armaa_ChangeMind = true 0",,,
#END Nex Blurb,,,,,,
arma_nex_NGCPickStartingShips,ExerelinNGCStep3,"$playerFaction == armaarmatura_pirates
!$armaarmatura_pirates_ChangeMind","ARMAAMissionImage logo mrc_start
AddText ""c+94 - First AI War""
SetTextHighlights c+94 - First AI War
AddText ""Amidst the ruins of Meshan, a planet devastated by AI warfleets, you stand as one of the scarce survivors. Fleeing the system seems futile, but you manage to shut down all nonessential systems on your vessel, employing a desperate measure to elude detection.""
SetTextHighlights AI warfleets

AddText""Struggling with scarce supplies and dwindling fuel, you and your fellow survivors strive to endure. The plan is straightforward: activate a distress signal in hyperspace and enter cryosleep aboard a research station located far from the system's core, where you hope to weather the storm.""
SetTextHighlights research station

AddText""Exhausted from the recent tumultuous events, you find solace in a newly established cryopod. Hoping for a stroke of fortune, you surrender to sleep, yearning to awaken to a brighter future.""
SetTextHighlights cryopod
$armaarmatura_pirates_ChangeMind = true 0",,,
armaa_seggs,ExerelinNGCStep4Plus,"$playerFaction == armaarmatura_pirates
$nex_lastSelectedFleetType == SUPER
#maybe if you add more I actually do fancier rulecmd but im bored and sexless rn","AddText""""
AddText""111 years later, circa c.205...""
SetTextHighlights 111 years

AddText""Abruptly awakened from your sleep, a frantic crew member delivers a distressing update: an unknown entity is approaching, and their IFF signals are not indicating them as allies. As the sole proficient pilot remaining, you are hastily ushered into the only available defensive craft...""
SetTextHighlights unknown entity

AddText ""You pilot the VALKAZARD. It can swap between various weapons.""
SetTextHighlights VALKAZARD

AddText ""The craft requires RECREATIONAL DRUGS to unlock its full potential. Acquire some as soon as possible.""
SetTextHighlights RECREATIONAL DRUGS
AddText ""The ship system SILVERSWORD can be used to dramatically increase performance when needed.""
SetTextHighlights SILVERSWORD

AddText""The enemy is nearby. You will likely be attacked immediately.""
SetTextHighlights You will likely be attacked immediately",,,
armaa_seggs2,ExerelinNGCStep4Plus,"$playerFaction == armaarmatura_pirates
$nex_lastSelectedFleetType == CARRIER_SMALL
#maybe if you add more I actually do fancier rulecmd but im bored and sexless rn","AddText""""
AddText""111 years later, circa c.205...""
SetTextHighlights 111 years

AddText""Inceremoniously roused from your slumber, a panicked crewmember gives the sitrep: someone is approaching, but the IFFs aren't friendly. As the only capable pilot left, you are rushed into the only craft capable of defense...""
SetTextHighlights sheer chance

AddText ""You pilot the VALKAZARD. It can swap between various weapons.""
SetTextHighlights VALKAZARD

AddText ""The craft requires RECREATIONAL DRUGS to unlock its full potential. Acquire some as soon as possible.""
SetTextHighlights RECREATIONAL DRUGS
AddText ""The ship system SILVERSWORD can be used to dramatically increase performance when needed.""
SetTextHighlights SILVERSWORD

AddText""The enemy is nearby. You will likely be attacked immediately.""
SetTextHighlights You will likely be attacked immediately",,,
#END Nex Blurb,#END Nex Blurb,#END Nex Blurb,#END Nex Blurb,#END Nex Blurb,#END Nex Blurb,#END Nex Blurb
,,,,,,
#armaa_valkHunterCheck,BeginFleetEncounter,"$armaa_valkHunters score:100
!$entity.ignorePlayerCommRequests","AddText ""You're being hailed by the $faction $otherShipOrFleet."" $faction.baseColor
$hailing = true 0",,,
#armaa_valkHunterCommsOpen,OpenCommLink,"$entity.armaa_valkHunters score:9999
armaa_Hikaru_Utada findValk score: 100
!$entity.ignorePlayerCommRequests","Highlight $foundValkClass
$entity.ignorePlayerCommRequests = true 1
$hailing = false 0
FireAll armaa_valkHunterSt1Options","The connection resolves, revealing the conspicuously artificial grin of $personName. They give you a swift once-over.

""Well, well well...what's this?"" declares the Tri-Tachyon $rank with precision. 

""It has come to my attention that you currently happen to possess assets that, shall we say, bear a striking resemblance to certain Tri-Tachyon Corporation properties. I've taken it upon myself to swing by and kindly request the return of the $foundValkClass. Surrendering the vehicle with a touch of alacrity would undoubtedly expedite our mutual agendas.""

$HeOrShe maintains an unwavering, yet oddly friendly gaze, awaiting your response.",,
#armaa_valkHunterSt1Hostile,armaa_valkHunterSt1Options,,,,"armaa_valkHunterSt1HostileResp:""No Thanks."" (cut comm, power up weapons)",
#armaa_valkHunterSt1HostileResp,DialogOptionSelected,$option == armaa_valkHunterSt1HostileResp,"FireAll PopulateOptions
$entity.ignorePlayerCommRequests = true 1
$hailing = false 0
armaa_Hikaru_Utada spawnValkHunters",,,
#armaa_valkHunterSt1Why,armaa_valkHunterSt1Options,!$armaa_valkHunterSt1_askedWhy,,,"armaa_valkHunterSt1WhyResp:""This isn't Tri-Tach Materiel. It's mine.""",
#armaa_valkHunterSt1WhyResp,DialogOptionSelected,$option == armaa_valkHunterSt1WhyResp,"Highlight $considerably less comfortable
$armaa_valkHunterSt1_askedWhy = true
FireAll armaa_valkHunterSt1Options
","""You see, my dear interloper,"" $heOrShe starts, pacing about the bridge, there's a certain gravity to the situation you seem to be ignorant of."" 

""You may consider your little possession a trinket of sorts, but let me assure you, the consequences of obstructing my retrieval efforts could be, well, dire. We have the resources, influence, and determination to make your life considerably less comfortable, shall we say. This defiance would be the spark igniting a rather unpleasant chain of events.""

""On the other hand, if you were to be reasonable? Why, that may lead to an arrangement that curbs the impending storm. Cooperation, yielding what is rightfully ours, could open doors to opportunities you've never fathomed. Deny us, and you'll find that the Sector can be quite unforgiving to those who stand in our way.""

""So, before you making a decision that could irrevocably alter your life's trajectory, think long and hard about the path you're about to tread. It's often wiser to swim with the tide than against it""

$heOrShe comes to a halt roughly at the spot they started at, turning to face you once more.",,
,,,,,,
ArmaaRobberyCheck,BeginFleetEncounter,"$faction.id == armaarmatura_pirates score:100
$faction.relValue <= -0.50
$faction.relValue >= -0.80
!$ignorePlayerCommRequests
!$armaa_tithePaid
!$armaa_titheAskedFor
$relativeStrength >= 0
LPTitheCalc","$armaa_titheConv = true 0
$armaa_titheAskedFor = true 7
AddText ""You're being hailed by the $faction $otherShipOrFleet."" $faction.baseColor
$hailing = true 0",,,
armaaRobbery_Pre,OpenCommLink,$entity.armaa_titheConv score:100,"SetTextHighlights $entity.LP_titheDGS
$entity.ignorePlayerCommRequests = true 1
FireAll armaaRobbery_Options","""Alright, captain..no one has to get hurt. With a small contribution, we'll let you pass.."" $heOrShe checks something,  ""$entity.LP_titheDGS credits, and we'll be on our way.

Far more reasonable than the loss of lives, aye? I'd hate to have to acquire your contribution using...other means.""

OR

""Face the consequences of your greed and exploitation! Your ill-gotten riches will be taken and redirected to fund the resistance against tyranny. $entity.LP_titheDGS will suffice.""",,
armaaRobbery_Normal,armaaRobbery_Options,,,,5:payTithe:Pay the fee,
armaaRobbery_CutComms,armaaRobbery_Options,,,,100:cutCommLink:Cut the comm link,
#payMegaTitheSel,DialogOptionSelected,$option == payMegaTithe,"Highlight $armaa_megaTitheDGS $armaa_megaTitheDuration
DoCanAffordCheck $armaa_megaTithe payMegaTitheConfirm false","The $rank's eyes light up at the suggestion of a larger 'tithe'. Struggling to maintain the fiction that this blackmail is a strictly religious matter, $heOrShe declares that $armaa_megaTitheDGS credits could persuade Pather raiders to leave all of your colonies - but not fleets - alone for $armaa_megaTitheDuration days.

""My brothers and sisters who have taken up arms are zealous, after all. Righteous passion drives them toward the field of battle, and credits are poor fare compared to the feast of divine justice,"" $heOrShe explains with the barest hint of apology.","payMegaTitheConfirm:Pay the agreed-upon amount
payMegaTitheOther:""Perhaps we could share a more permanent - and bountiful - Path together?""
payMegaTitheNeverMind:""I'll need to consider this."" (stall)",
#payMegaTitheOtherSel,DialogOptionSelected,$option == payMegaTitheOther,RemoveOption payMegaTitheOther,"""My thanks to Providence!"" the $rank exclaims, then calls back to $hisOrHer bridge crew, ""Persecution proves our devotion! The unbelievers now beg us to share our blessings."" $HeOrShe turns back, troubled, ""Um. However. My standing is... limited. It is not my place to welcome you to the fold under our hammer and sword, no matter the tithe you offer unto our holy war. You will have to speak with a shepherd of greater authority than I at one of our gathering-places in the fringe worlds."" 

""Of course,"" $heOrShe is abashed now, ""I cannot tell you where a station of the Luddic Path is located. I am pledged before Providence to secrecy and it would be a sin to swear false oath. That path must be yours to discover.""

""I suggest you pray for revelation,"" $heOrShe says earnestly.",,
#payMegaTitheConfirmSel,DialogOptionSelected,$option == payMegaTitheConfirm,"MakeNearbyFleetsNonHostile luddic_path armaa_tithe 100000 100
HA_CMD payMegaTithe
$entity.armaa_tithePaid = true 100
MakeOtherFleetNonHostile armaa_tithe true 100
AddText ""The connection is cut before you have a chance to respond.""
ShowDefaultVisual
EndConversation","""Perhaps your soul is not yet lost to the machine,"" $heOrShe says cheerfully. ""It is possible your sins may be forgiven without the purge of holy fire.""
OR
""Truly, Ludd's hand has guided you,"" the Pather says, wiping a tear from $hisOrHer eye.",,
#payMegaTitheNeverMindSel,DialogOptionSelected,$option == payMegaTitheNeverMind,"Highlight $entity.armaa_titheDGS
FireAll armaaRobbery_Options","""Well,"" the Pather says haltingly. ""Despite our grand talk and how blessed and bountiful our path together could be... Providence only provides to those of us who know to accept the gift laid before them - and to those who humble themselves with a tithe appropriate to the magnitude of their sin.""

$HisOrHer quickly glances down at a screen then back to you, ""Which would be, ah, on the order of $entity.armaa_titheDGS credits.""",,
armaaRobbery_Pay,DialogOptionSelected,"$option == payTithe
$faction.id == armaarmatura_pirates score:100","#AddText ""Lost $entity.armaa_tithe credits"" textEnemyColor
AddRemoveCommodity credits -$entity.armaa_tithe true
$entity.armaa_tithePaid = true 30
MakeOtherFleetNonHostile armaa_tithe true 30
AddText ""The connection is cut before you have a chance to respond.""
ShowDefaultVisual
EndConversation","""Smart. My thanks, $PlayerSirOrMadam.""",,
,,,,,,
#armaaWFInteraction,OpenInteractionDialog,"$id == nekki1 score:1000
!$hasMarket
Highlight  ""transmits a weak transponder signal""","ShowDefaultVisual
FireAll armaaWFOptions","The verdant world of $fullName comes into view. Settled before the collapse, it remains relatively secluded from the majority of spacefaring society. Indeed, it even lacks the basic necessity of any spacefaring society; a spaceport.

A weak distress signal can be detected, and sensor sweeps identify a settlement with signs of primitive industry and agriculture.","
",
#armaaWFInteractionA,armaaWFOptions,,,,pkSentinel_tryComms:Hail the signal on comms,
#armaaWFInteractionB,armaaWFOptions,,,,"armaa_WFShuttle:Take a shuttle down to investigate
defaultLeave:Leave",
#armaaWFTryComms,DialogOptionSelected,$option == armaaWFTryComms,RemoveOption armaaWFTryComms,"Your standard comms request gives no return. If there is a comms network, or even an emergency survival unit on the surface, it's either damaged or can't make a connection.  

Your comms officer tries more unconventional workarounds, from a suite of ancient standards used to ping drifting Domain-era relics to the latest suite of underworld methods that would earn a stern look from any honest customs officer; lossy but easily mistaken for background noise by sensor grids. All attempts are fruitless.

""$PlayerSirOrMadam. We might have to make contact the old fashioned way,"" your comms officer reports apologetically.",,
#armaa_WFShuttle,DialogOptionSelected,$option == armaa_WFShuttle,ShowLargePlanet,"Beneath your feet, the deck trembles, and the unfamiliar sound of wind shear fills the air as the autoshuttle pierces through $fullName's dense atmosphere. 

""Fifteen minutes out,"" your shuttle pilot informs you through your earpiece, ""Keep your EVA helmets on for now, cabin's not yet pressurized. The ride's pretty rough – wouldn't want you bumping your head against something before we touch down.""

With a click, the radio communication ends. The cabin lights momentarily flicker due to a particularly forceful jolt, but then the gusty wind subsides, and the roaring engines settle into a steady cruising rhythm. The sound of air hissing through your helmet drowns out all other noises.

Below, lies the verdant expanse of $fullName.",armaaWF0:Continue,
#armaaWF0,DialogOptionSelected,$option == armaaWF0,,"With no obvious landing area to see, the shuttle touches down in a burned out section of field. The rear door of the shuttle drops, allowing you and your entourage to step out into the humid $fullNameian air. While it's guaranteed at least someone has seen you land here, no one has arrived to greet you. Yet.

An expansive sea of verdant grass extends as far as the eye can see, encompassing the surroundings in its vibrant embrace. Sporadically scattered across the terrain, sizable yet squat mounds interrupt the green expanse in irregular arrangements. In the distance, what you surmise to be the settlement looms, it's ugly grey buildings bordered by a low
wall.

In time a small convoy of vehicles approach the shuttle, and a cadre of soldiers hop out, weapons slung, trudging towards you. ",armaaWF1:Continue,
#armaaWF1,DialogOptionSelected,$option == armaaWF1,FireAll armaaWFWhyHereOptions,"""Hello there, unfamiliar face. What has brought you to this area?"" he asks in a friendly tone, nonchalantly shifting his gaze between you and your companions. His attitude appears relaxed and informal, yet you can discern that behind this facade lies a weathered warrior.",,
#armaaWFWhyHereLie,armaaWFWhyHereOptions,,,,"armaaWFWhyHereAns:""We're looking to resupply.""(Lie)",
#armaaWFWhyHereSignal,armaaWFWhyHereOptions,,,,"armaaWFWhyHereAns:""We're responding to your signal.""",
#armaaWFWhyHereAns,DialogOptionSelected,$option == armaaWFWhyHereAns,,"""Mmm...let's hear about it back in the city, yes?"" he says, motioning for you and your men to follow.

You and your crew are loaded into one of the vehicles the soldiers brought along. They eye you with detached curiousity, but are not much for conversation, making the trip back rather uneventful. 

As you draw near what appears to be a checkpoint, you note a trooper leaning against the wall of a two-story complex. The lower level of the building seems to house shops; the signs painted on the closed metal gates suggest they offer items like local bread and other edibles. Above them, a couple of flats can be seen, their windows also tightly closed with shutters. He stands, waving off some security drones, and opens a gate that allows the convoy to pass into the city proper.",armaaWFWhyHereAns2:Continue,
#armaaWFWhyHereAns2,DialogOptionSelected,$option == armaaWFWhyHereAns2,,"Finally, the convoy comes to a halt, and the men sharing a vehicle at you nod, gesturing towards a building in the distance. ",armaaWFWhyHereAns3:Continue,
#armaaWFWhyHereAns3,DialogOptionSelected,$option == armaaWFWhyHereAns3,FireAll armaaWFMissionQuestions,"blah blah blah desccribe the compound here

blah blah blah entering the compound here.

Once you've entered, the leaderguy turns to face you. ""Now then.."" he starts, vanishing into another room before returning with two bottles in hand. He places one before you before motioning for you to follow him, sitting down across from you.

""<insert what they need"">",,
#armaaWFMissionQuestionsA,armaaWFMissionQuestions,,BeginConversation armaa_seraph,,"mcb_start:""What exactly is the situation?""",
#armaaWFMissionQuestionsB,armaaWFMissionQuestions,,,,"armaaWFMissionQuestionsBResp:""<something about the settlement>""",
#armaaWFWhyHereLieAns,,,,"""Mmm..we don't have much to offer out here.."" the soldier remarks, producing a stimstick",,
#armaaWFWhyHereTruthAns,,,,,,
,,,,,,
,,,,,,
# Arma Armatura,,,,,,
armaa_barDesc,BarPrintDesc,$market.id == armaa_meshanii_market,ShowImageVisual armaa_bar,"Patrons entering the bar are greeted by the  luminescence of media feeds streaming in from the core worlds, blending harmoniously with the animated conversations and laughter of the diverse crowd. Your gaze catches four security officers discreetly keeping watch, introducing a subtle sense of unease. However, the bustling atmosphere, illuminated by dim lights, persists with patrons immersed in the scent of intoxicating substances and cheap drinks.",,
# Dawn,,,,,,
armaa_defaultDawnGreetingFactionMember,PickGreeting,"$id == armaa_dawn
$player.nex_startingFactionId == armaarmatura
$ome_hireable score:200
","ShowPersonVisual
FireAll PopulateOptions
armaa_Hikaru_Utada playMusic music_armaa_seraph
SetOptionColor armaa_HireDawn highlight","As you gaze at the crest of Arma Armatura, it takes a moment before the comm-link connects, revealing a modestly attired girl. Her face is adorned with a pensive look that lingers like the shadow of a passing cloud.

""Oh, hello $player.firstName! Is there something I can help you with?""",,
armaa_defaultDawnGreeting,PickGreeting,"$id == armaa_dawn
","ShowPersonVisual
armaa_Hikaru_Utada playMusic music_armaa_seraph
FireAll PopulateOptions
","As you gaze at the crest of Arma Armatura, it takes a moment before the comm-link connects, revealing a modestly attired girl. Her face is adorned with a pensive look that lingers like the shadow of a passing cloud.

""I'm Dawn, serving as a liaison for Arma Armatura. How may I assist you on this day?""",,
armaa_recruitableDawnGreeting,PickGreeting,"$id == armaa_dawn
$ome_hireable score:200
","ShowPersonVisual
armaa_Hikaru_Utada playMusic music_armaa_seraph
FireAll PopulateOptions
","As you gaze at the crest of Arma Armatura, it takes a moment before the comm-link connects, revealing a modestly attired girl. Her face is adorned with a pensive look that lingers like the shadow of a passing cloud.

""Hey, $personName. Got anything interesting going on?""",,
armaa_FaithDawnGreeting,PickGreeting,"$id == armaa_dawn
$greetedDawnAsALuddic","ShowPersonVisual
armaa_Hikaru_Utada playMusic music_armaa_seraph
FireAll PopulateOptions
","As you gaze at the crest of Arma Armatura, it takes a moment before the comm-link connects, revealing $personFirstName. She gives a small smile upon seeing you.

""Ah, $playerBrotherOrSister $player.lastName. Blessings of Ludd be upon you. How can I help you today?""",,
armaa_PatherDawnGreeting,PickGreeting,"$id == armaa_dawn
$greetedDawnAsALuddicMaybePather","ShowPersonVisual
armaa_Hikaru_Utada playMusic music_armaa_seraph
FireAll PopulateOptions","As you gaze at the crest of Arma Armatura, it takes a moment before the comm-link connects, revealing $personFirstName. She smiles upon seeing you.

""Hello again, $playerSirOrMadam$ $player.lastName. How can I help you today?""",,
,,,,,,
armaa_OfficeQuestion1,PopulateOptions,"!$player.hasSeraphaCommsId
$id == armaa_dawn score:1000
",,,"armaa_dawnAskForContact:""I want to talk to Administrator Pha.""",
armaa_OfficeQuestion2,PopulateOptions,"!$askedDawnAboutName
$id == armaa_dawn score:1000
",,,"armaa_dawnSmallTalk:""Given-to-god?""",
armaa_OfficeQuestion3,PopulateOptions,"!$armaa_gotBrochure
$id == armaa_dawn score:1000
",,,"armaa_loreDump1:""Can you tell me more about Arma Armatura?""",
armaa_HireDawn,PopulateOptions,"$id == armaa_dawn
$player.hasSeraphaCommsId",SetOptionColor armaa_HireDawn2 highlight,,"armaa_HireDawn2:""Why don't you work for me?""",
armaa_HireDawn2,DialogOptionSelected,$option == armaa_HireDawn2,FireAll PopulateOptionsHire,"""As long as it's not as your secretary. Need a pilot?""",,
armaa_dawnAskForContactDenyFirstTime,DialogOptionSelected,"$option == armaa_dawnAskForContact
!$hasValk
!$askedForSeraph","AddPotentialContact
$askedForSeraph = true","""Oh, check you out! Shooting for the stars, huh? Gotta wonder, how often does that approach actually pan out for ya? Hate to burst your bubble, but I ain't some miracle worker who can whip that up on the fly. Still, I'll jot down your fancy request.""

""Now, if you've got a minute to spare, you might remember I'm the middleman around here, dealing with a bunch of those leftover contracts – just bits and bobs, really. How 'bout you tackle a bit of that grunt work for me, and then we'll see what kinda mojo I can muster up for ya, huh?""",,
armaa_dawnAskForContactDeny,DialogOptionSelected,"$option == armaa_dawnAskForContact
!$hasValk",,"""Sorry, still can't do. I'll log your request, though.""",,
,,,,,,
armaa_dawnAskForContactAccept,DialogOptionSelected,"$option == armaa_dawnAskForContact
armaa_Hikaru_Utada findValk score:100","ShowSecondPerson armaa_seraph
SetPersonHidden armaa_seraph false
AddText """"
AddTextSmall ""An executive of Arma Armatura. With unmatched intelligence and a mind for strategy, she seamlessly wove her way into the corporation's ranks with a background in business and management. Sera is unafraid to navigate the corporate landscape with calculated precision, treating her associates as chess pieces to secure her designs and goals. Yet, beneath her shrewd exterior, she possesses a moral compass that tempers her actions, allowing her to navigate a path that is not entirely devoid of ethics."" highlight
AddTextSmall ""--Received comms ID for Sera Pha--"" highlight
$player.hasSeraphaCommsId = true","""No sweat,"" the woman assures with a subtle nod. As your personal gadget beeps, she adds, ""I've thrown her comms ID your direction.""

You can't help but find it odd how readily she handed over this information without you even clarifying your purpose.
","cutCommLink:""Thanks"" (cut comm-link)",
armaa_dawnAskForContactAcceptAlt,DialogOptionSelected,"$option == armaa_dawnAskForContact
$rel > 0.50","ShowSecondPerson armaa_seraph
SetPersonHidden armaa_seraph false
AddText """"
AddTextSmall ""An executive of Arma Armatura. With unmatched intelligence and a mind for strategy, she seamlessly wove her way into the corporation's ranks with a background in business and management. Sera is unafraid to navigate the corporate landscape with calculated precision, treating her associates as chess pieces to secure her designs and goals. Yet, beneath her shrewd exterior, she possesses a moral compass that tempers her actions, allowing her to navigate a path that is not entirely devoid of ethics."" highlight
AddTextSmall ""--Received comms ID for Sera Pha--"" highlight
$player.hasSeraphaCommsId = true","""Well, you've pulled your weight around here,"" the woman acknowledges with a slight nod. As your personal gadget beeps, she adds, ""I've shot Administrator Pha's comms ID over to you. Bet she's itching to team up with someone like you.""","cutCommLink:""Thanks"" (cut comm-link)",
armaa_OfficeTalk,DialogOptionSelected,$option == armaa_OfficeTalk,,,,
armaa_dawnSmallTalk,DialogOptionSelected,$option == armaa_dawnSmallTalk,FireAll armaa_dawnSmallTalkQuestions,"$personName raises an eyebrow. ""What, my name? Too Luddic for your tastes 'er somethin?""
","armaa_dawnSmallTalkNeutral:""What's a luddic doing employed by a weapons manufacturer?""
armaa_dawnSmallTalkFaith:""Always a pleasure to meet another of the faith. Blessings to you, sister.""
armaa_dawnSmallTalkPather:""Surely you can make a living outside the employ of these heretics?""",
armaa_dawnSmallTalkNeutral,DialogOptionSelected,$option == armaa_dawnSmallTalkNeutral,"$player.luddicAttitudeAgnostic++
$askedDawnAboutName = true
FireAll PopulateOptions","$personName half smiles, ""Gotta make a living, same as everyone else. Now then, anything else you need?""",,
armaa_dawnSmallTalkPather,DialogOptionSelected,$option == armaa_dawnSmallTalkPather,"$player.luddicAttitudePather++
$askedDawnAboutName = true","$personName fixes you with a gaze that hints at suspicion, though it's not exactly that. More like curiosity tinged with doubt.

""There is a contradiction between my role and holding dear to the teachings of the Church of Galactic Redemption, I guess. Alas, life is not always a tale spun in perfection, and choices must be made to keep a roof above our heads and bread on the table.""

""Perhaps you can relate - considering your line of work, $playerSirOrMadam.""",armaa_dawnSmallTalkPather2:Continue,
armaa_dawnSmallTalkPather2,DialogOptionSelected,$option == armaa_dawnSmallTalkPather2,,"""Oh, sure - I dream about living in the middle of nowhere in some run down hovel, where the land kisses the sky, and the wind sings lullabies through the fields. But in this sprawling city of metal and mayhem, I must find my place and bloom where I'm planted, as they say.""

""Perhaps I will find a path that leads me back to the embrace of our more agrarian roots, but for now, I continue sowing the seeds of hope, wherever I am.""

Her gaze drifts upward and to the left, as if pondering the mysteries of the universe or, more likely, looking for a hidden camera.",armaa_dawnSmallTalkPather3:Continue,
armaa_dawnSmallTalkPather3,DialogOptionSelected,$option == armaa_dawnSmallTalkPather3,"FireAll PopulateOptions
AdjustRepActivePerson FRIENDLY 5
AdjustRep luddic_path FRIENDLY 2
AdjustRep armaarmatura SUSPICIOUS -2
$greetedDawnAsALuddicMaybePather = true","""As my mother says, 'The smallest of pebbles can create ripples in the biggest of ponds.' So, if I stick to my guns, toss some kindness at the folks nearby, and let my moves do the talking, maybe I can stir up a bit of change, you know?""

Hard to say if she's dead serious or sarcastic. Either way, you decide to move on to another topic.",,
armaa_dawnSmallTalkFaith,DialogOptionSelected,$option == armaa_dawnSmallTalkFaith,"AdjustRepActivePerson FRIENDLY 2
$player.luddicAttitudeFaithful++
$askedDawnAboutName = true
$greetedDawnAsALuddic = true
FireAll PopulateOptions","$personName's expression holds a touch of disbelief as she looks at you.

""Well, ain't that somethin',"" she remarks with a smirk, then adds, ""Thanks, $playerBrotherOrSister. May blessings shine upon your path too.""",,
armaa_dawnSmallTalkFriendlyWithChurch,,RepGTE luddic_church FAVORABLE,,,,
,,,,,,
armaa_loreDump1,DialogOptionSelected,$option == armaa_loreDump1,,"""Yeah, um...where is that- ah!""",armaa_loreDump2: Continue,
armaa_loreDump2,DialogOptionSelected,$option == armaa_loreDump2,,"As $personName delves into the details of the company's dealings, you faintly listen, only registering information that would be useful. Within her chatter, you manage to catch snippets of information about Arma Armatura's vast array of products. From power armor to mechs, it seems they're deeply involved in the realm of military equipment. Yet, amidst the talk of such advanced technology, you also learn that they create more mundane designs, like construction vehicles, service drones, and sub-delta automatons, which find use in civil applications.",armaa_loreDump3: Continue,
armaa_loreDump3,DialogOptionSelected,$option == armaa_loreDump3,"AddTextSmall ""Received \""ArmaA Product Portfolio (c.200 Edition)\"""" highlight
$armaa_gotBrochure = true
FireAll PopulateOptions","""Got any burning questions or wanna dig into a specific product? Don't hold back, just shoot. I'll toss you our brochure for the nitty-gritty details,"" she gruffly states.",,
,,,,,,
armaa_dawnBarMeetingEvent,AddBarEvents,"$market.id == armaa_meshanii_market
!$player.armaa_metDawnInitial
!armaa_Hikaru_Utada hasOfficer armaa_dawn","AddBarEvent armaa_dawnMeeting ""Approach the rugged woman"" "" In one corner, a rugged figure nursing a tankard of ale catches your eye."" highlight",,,
armaa_dawnMeeting,DialogOptionSelected,$option == armaa_dawnMeeting,"BeginConversation armaa_dawn
armaa_Hikaru_Utada playMusic music_armaa_seraph
ShowPersonVisual
$player.armaa_metDawnInitial = true
SetPersonHidden armaa_dawn false
AddPotentialContact armaa_dawn","Dawn watches you approach with mild interest, crooked smile greeting you as she acknowledges your presence.

""Well, look what the cat dragged in. Fancy a chat, do ya?"" You pull out a chair and take a seat, trying to match her casual demeanor.

You speak to the woman at length about a variety of topics. The scars on her face tell stories of their own, but specifics are left unspoken. She freely shares other snippets of her mercenary life, battles, and surviving against the odds, and you too offer a recounting of your own experiences.

""Hmm,"" she grunts, ""Sounds like a right mess you're in. If you're lookin' for a bit of advice or maybe some work, I might consider lending a hand.""

","armaa_dawn_barEvent1:""See you around.""
armaa_dawn_barEvent2:""Thanks. I appreciate it.""
armaa_dawn_barEvent3:""I'll look you up if i'm in the area.""",
armaa_dawnMeeting1,DialogOptionSelected,$option == armaa_dawn_barEvent1,"$option = armaa_dawn_barEvent4 0
FireBest DialogOptionSelected",,,
armaa_dawnMeeting2,DialogOptionSelected,$option == armaa_dawn_barEvent2,"$option = armaa_dawn_barEvent4 0
FireBest DialogOptionSelected
$player.ethosOrder++",,,
armaa_dawnMeeting3,DialogOptionSelected,$option == armaa_dawn_barEvent3,"$option = armaa_dawn_barEvent4 0
FireBest DialogOptionSelected
$player.ethosKnowledge++",,,
armaa_dawnMeeting4,DialogOptionSelected,$option == armaa_dawn_barEvent4,"AdjustRepActivePerson COOPERATIVE 5
BarCMD returnFromEvent false","Dawn studies your face for one last time, her scarred features revealing little emotion. A brief flicker of approval crosses her eyes.

""Reckon you've got your own path to tread, and I've got mine. But should our trails cross again, mayhaps we'll find ourselves fightin' side by side.""

With a nod and a faint smile, she raised her tankard in a silent salute. ""May Ludd favor your journey, stranger. Until we meet again.""

Dawn then excuses herself with a gruff chuckle, signaling the end of the conversation. ""I've got more drinking to do and tales to drown. Safe travels, and may the stars guide you.""",backToBar:Take a look around the bar,
,,,,,,
armaa_dawnBarEvent,AddBarEvents,"!$market.isHidden
armaa_Hikaru_Utada hasOfficer armaa_dawn
!$player.metDawnAtBar
RollProbability 0.5
","AddBarEvent armaa_dawnAsk ""Take a seat with Dawn"" ""You see Dawn knocking back a few drinks in a hazy corner.""",,,
armaa_dawnBarEventStart,DialogOptionSelected,$option == armaa_dawnAsk,"BeginConversation armaa_dawn
armaa_Hikaru_Utada playMusic music_armaa_seraph
ShowPersonVisual
$player.metDawnAtBar = true
FireAll armaa_dawnBarAskHubOptions","Dawn raises her glass once she notices your approach, the fluorescent liquid inside pulsating with an otherworldly glow. ""This? It's a concoction they call 'Stellar Elixir.' It's as close as I'll ever get to sipping on a nebula in this dive.""

""Anyways..business or pleasure?""","armaa_dawnBarEventBusiness:""Business.""
armaa_barDawnEventPleasure:""Pleasure.""
",
armaa_dawnBarEventBusiness,DialogOptionSelected,$option == armaa_dawnBarEventBusiness,,"""I guess ensuring we have a steady stream of leads is important. Well, I'll be here enjoying myself for a while yet. If you ever need a break from the hustle and bustle, you know where to find me, $playerSirOrMadam.""","armaa_barDawnEventPleasure:""I have some time to mingle (join Dawn).""
lpp_hesperus_returnToBar:Return to the bar",
armaa_barDawnEventPleasure,DialogOptionSelected,$option == armaa_barDawnEventPleasure,,"""I'll toast to that. Come on, have a seat.""

You settle in beside the $personName. ""Welcome to the cosmic carnival,"" she says, her voice carrying a sense of whimsy, ""where my cherished friend,"" she gestures toward the bottle in her grasp, ""and I share a dance.""",armaa_barDawnEvent2:Continue,
armaa_barDawnEvent2,DialogOptionSelected,$option == armaa_barDawnEvent2,FireAll armaa_dawnBarEventMotivationResp,"Taking a slow sip from her drink, $personName leans in and fixes her eyes on you. ""So, question...why in the stars did you become a starfarer? What's your motivation, your backstory, your whole shebang? Lay it on me.""",,
armaa_dawnBarEventMotivationAdventure,armaa_dawnBarEventMotivationResp,,,,"armaa_dawnBarEventMotivationRespAdventure: ""I'm a adventurer at heart, and my desire is to study the cosmos and unlock its secrets.""",
armaa_dawnBarEventMotivationLegacy,armaa_dawnBarEventMotivationResp,,,,"armaa_dawnBarEventMotivationRespLegacy: ""My families stories of exploration inspired me to follow in their footsteps. I'm determined to honor that tradition.""",
armaa_dawnBarEventMotivationJustice,armaa_dawnBarEventMotivationResp,,,,"armaa_dawnBarEventMotivationRespJustice: ""I aim to use my abilities to protect the innocent and bring about change.""",
armaa_dawnBarEventMotivationBoredom,armaa_dawnBarEventMotivationResp,,,,"armaa_dawnBarEventMotivationRespBoredom: ""I wanted to escape the monotony of my life and experience the thrill of the unknown.""",
armaa_dawnBarEventMotivationWealth,armaa_dawnBarEventMotivationResp,,,,"armaa_dawnBarEventMotivationRespWealth: ""This is the path to secure my financial future and maybe even make a fortune.""",
armaa_dawnBarEventMotivationDontKnow,armaa_dawnBarEventMotivationResp,,,,"armaa_dawnBarEventMotivationRespDontKnow: ""No idea.""",
armaa_dawnBarEventMotivationWeird,armaa_dawnBarEventMotivationResp,,,,armaa_dawnBarEventWeird: Monologue about how your sole purpose is to sow chaos and destruction,
,,,,,,
armaa_dawnBarEventMotivationRespAdventure,DialogOptionSelected,$option == armaa_dawnBarEventMotivationRespAdventure,,"""Interesting. I hope you've found what you were looking for; or at least or well on the path to it."" $personName smiles genuinely.",armaa_barDawnEvent3: Continue,
armaa_dawnBarEventMotivationRespLegacy,DialogOptionSelected,$option == armaa_dawnBarEventMotivationRespLegacy,,"""Interesting. I hope you've found what you were looking for; or at least or well on the path to it."" $personName smiles genuinely.",armaa_barDawnEvent3: Continue,
armaa_dawnBarEventMotivationRespWealth,DialogOptionSelected,$option == armaa_dawnBarEventMotivationRespWealth,,"""Interesting. I hope you've found what you were looking for; or at least or well on the path to it."" $personName smiles genuinely.",armaa_barDawnEvent3: Continue,
armaa_dawnBarEventMotivationRespJustice,DialogOptionSelected,$option == armaa_dawnBarEventMotivationRespJustice,,"""Interesting. I hope you've found what you were looking for; or at least or well on the path to it."" $personName smiles genuinely.",armaa_barDawnEvent3: Continue,
armaa_dawnBarEventMotivationRespBoredom,DialogOptionSelected,$option == armaa_dawnBarEventMotivationRespBoredom,,"""Interesting. I hope you've found what you were looking for; or at least or well on the path to it."" $personName smiles genuinely.",armaa_barDawnEvent3: Continue,
armaa_dawnBarEventMotivationRespDontKnow,DialogOptionSelected,$option == armaa_dawnBarEventMotivationRespDontKnow,,"""Hey, 'least you're honest about it. Sure you'll figure it out eventually."" $personName nods.",armaa_barDawnEvent3: Continue,
armaa_dawnBarEventWeird,DialogOptionSelected,$option == armaa_dawnBarEventWeird,,"$personName gives you a puzzled look. She takes a slow swig of her beverage.

""Whoa, buddy. That's a bit out there, ain't it? You pullin' my leg?""","armaa_dawnBarEventWeirdYes: ""Yes""
armaa_dawnBarEventWeirdNo: ""No""
",
armaa_dawnBarEventWeirdYes,DialogOptionSelected,$option == armaa_dawnBarEventWeirdYes,AdjustRepActivePerson 1,"""Well, ya sure had me goin' there for a minute.""",armaa_barDawnEvent3: Continue,
armaa_dawnBarEventWeirdNo,DialogOptionSelected,$option == armaa_dawnBarEventWeirdNo,,"$personName stares at you for a moment, before looking directly forward and downing her bottle. She motions for a staff member and soon has another beverage in hand. ""Yeah, why don't we unpack that at a later date.""",armaa_barDawnEvent3: Continue,
armaa_barDawnEvent3,DialogOptionSelected,$option == armaa_barDawnEvent3,,"""Either way,"" she says. ""You shared something with me, so it's only fair I do the same in kind. I started off as a simple crewman on a starship, doin' the grunt work and such. Worked my way up to being a pilot, got a taste of freedom in those little ships. Still in one piece, by the grace of Ludd."" A pause. ""Mostly.""

""But, like you, I decided to strike out on my own as a mercenary. It was a rough and tumble life, takin' contracts wherever they'd have me. Eventually, I caught the eye of Arma Armatura, the corporation, you know? They saw potential in me and offered a position.""

She sighed, her expression a mix of nostalgia and a hint of something more. ""It's been a wild ride, but it's been worth it. I've seen the good, the bad, and the downright bizarre out there in the Sector. Sometimes, you gotta make your own path, and I reckon that's what we've both done.""",armaa_barDawnEvent4: Continue,
armaa_barDawnEvent4,DialogOptionSelected,$option == armaa_barDawnEvent4,,"""As for my time servin' as an officer in your fleet, it's been an eye-opener, to be sure. I've seen many things, met all sorts of folks, and been part of some interesting missions. I appreciate the opportunity to be part of your crew, and I'm ready for whatever comes our way. The cosmos always keeps us on our toes, doesn't it?""

Without looking at you, she extends her drink in your direction.","armaa_barDawnEvent5DrinkYes: Drink
armaa_barDawnEvent5DrinkNo: Politely decline
",
armaa_barDawnEvent5DrinkYes,DialogOptionSelected,$option == armaa_barDawnEvent5DrinkYes,AdjustRepActivePerson 1,"The beverage, a deep amber liquid, glistened under the bar lights. It had a rich, sweet aroma with hints of honey and a faint touch of citrus.

""This here's a special brew I stumbled upon in one of my journeys. Got a smooth, honeyed flavor with just a bit of a citrusy zing to it. They say it's crafted by the folk of a distant colony that was smashed to bits in one of them AI Wars, poor souls. Give it a try, let me know what you think.""

You take a cautionary sip - it was a drink as delightful as it smelled, with a perfect balance of sweetness and a pleasant warmth as it went down. The kind of drink that could bring a moment of relaxation and camaraderie amongst colleagues.

$personName watches expectantly. ""What do you reckon? It suit your palete?""

With a mischievous glint in her eye, she added, ""If you're game, we can keep sippin' and spinnin' yarns. This drink's just the beginning, and the night's still young.""","armaa_barDawnEvent5DrinkMoreYes: Take the opportunity to unwind for once
armaa_barDawnEvent5DrinkMoreNo: Apologize, you have other matters to attend to
",
armaa_barDawnEvent5DrinkNo,DialogOptionSelected,$option == armaa_barDawnEvent5DrinkNo,"EndConversation DO_NOT_FIRE
RestoreSavedVisual
BarCMD showOptions",You politely excuse yourself.,,
armaa_barDawnEvent5DrinkMoreYes,DialogOptionSelected,$option == armaa_barDawnEvent5DrinkMoreYes,"AdjustRepActivePerson 2
AddTextSmall ""Received: Hangover"" highlight
EndConversation DO_NOT_FIRE
ShowLargePlanet
BarCMD leaveBar","$personName and yourself continue to indulge in your drinks, sharing stories, laughter, and even a few heartfelt confessions. You were not alone in your revelry; other patrons joined in, and soon, a small group of strangers had gathered around.

Tales were swapped in this relatively cheerful atmosphere as individuals shared laughter and forging fleeting connections in the warmth of the bar. You catch glimpses of your bodyguards discreetley surveiling the raucus from time to time, ostensibly taking measures to ensure your safety while allowing you to bask in the camaraderie of the moment.

An imperceptible amount of time passes, and you find yourself wobbling out of the bar alongside $personName. Your guards swiftly chaperone you towards a shuttle service that will return you to the fleet.

It was a night to remember, even if it came with a bit of a morning-after reminder.",,
armaa_barDawnEvent5DrinkMoreNo,DialogOptionSelected,$option == armaa_barDawnEvent5DrinkMoreNo,"EndConversation DO_NOT_FIRE
RestoreSavedVisual
BarCMD showOptions",You politely excuse yourself.,,
,,,,,,
# Handing in the PK - Sera,,,,,,
PKGiveToSeraph,PopulateOptions,"$isPerson
$id == armaa_seraph
!$armaa_askedSeraphAboutPK
!$player.turnedInPlanetkiller
PlayerHasCargo planetkiller",,,"pk_turnInSeraph1:""I'd like to discuss planetkiller weapons.""",
pk_turnInSeraph1,DialogOptionSelected,$option == pk_turnInSeraph1,,"$personFirstName gives you a blank look.

""What about them? Is this about Old Meshan?""","pk_turnInSeraph2:""No, I mean I want to sell you a planetkiller.""
pk_turnInSeraph1meshan:""Old Meshan?""",
pkTurnInSeraph2,DialogOptionSelected,$option == pk_turnInSeraph2,"$madePKofferOnce = true
Highlight ""300,000""","$personFirstName doesn't react. She presses something offscreen, a privacy field blurring out the surroundings in her office.

""I won't ask how you came into the possession of such a thing, captain. Regrettably, i'm not interested.""

""I could certainly hide the weapon away from prying eyes, but the heat such...merchandise could bring on me, and by extension this lovely company, far outweigh the risks. If it came down to it, there's little we could do if any major faction caught wind and seriously made efforts to secure it.""

""Besides, what could we do with the thing, anyway? Obliterate Culann?""

She smiles a sinister smile, clasping her fingers together.

""Just kidding, of course ..listen, $player.firstName. Here's some advice, on the house: get rid of it.""","pk_turnInSeraph3a:""Absolutely.""
pk_turnInSeraph3b:""Well...""",
pkTurnInSeraph3a,DialogOptionSelected,$option == pk_turnInSeraph3a,"$armaa_askedSeraphAboutPK = true
AdjustRepActivePerson 1
FireAll PopulateOptions
","""Good. We never talked about this. Alright?""

She smiles warmly, waving a hand as the privacy field disappears.

""Now then. Anything else?""",,
pkTurnInSeraph3b,DialogOptionSelected,$option == pk_turnInSeraph3b,"$armaa_askedSeraphAboutPK = true
FireAll PopulateOptions","""$player.firstName, $player.firstName, $player.firstName.."" Sera tut-tuts, her face tightening.
""Say you offload it to some soul, pure and just, who locks it away for safekeeping."" 

She rolls her eyes. ""Unlikely, but let's assume so.""

""Perhaps the weapon falls into the hands of a... third party."" she pauses and smirks, clearing speaking on your current predicament. 

""Perhaps not. But many would consider employing it, don't you think? Otherwise, what use would it have to any potential recipient? At best, it's a powerful bargaining chip. And at worst..""

She gives you a knowing look, both of you well aware of the possibilities. 

""If I were you, i'd launch it into a black hole or something. Spares you the burden of worrying about the what-ifs. Your call, my friend."" She waves a hand as the privacy field dissipates.

""Now then. Anything else?""",,
,,,,,,
,,,,,,
armaa_aiCores_turnInOptionSelMeshan,DialogOptionSelected,"$option == aiCores_startTurnIn
$id == armaa_seraph","FireAll PopulateCoresTurnInOptions
SetTextHighlights Arma Armatura","A cunning smile curves her lips. ""Rest assured, my friend,"" she purrs, ""Arma Armatura shall be your steadfast ally. By placing these assets in our capable hands, you'll not only receive generous remuneration but also liberate yourself from their burdensome risks.""",,
armaa_aiCores_turnInResponseMeshan,AICoresTurnedIn,$id == armaa_seraph,FireAll PopulateOptions,"""Marvelous. You've made a wise decision, Captain $player.lastName."" Her smile widens.",,
armaa_valkazard,PopulateOptions,"armaa_Hikaru_Utada findValk
$player.numShips > 1
$postId == administrator
$market.id == armaa_meshanii_market",SetOptionColor armaa_valkazard highlight,,"armaa_valkazard:""I found this Valkazard-class cataphract outside of the core worlds. One of yours?""",
armaa_valkazardSel,DialogOptionSelected,$option == armaa_valkazard,"FireAll armaa_valkazardHubOptions
armaa_Hikaru_Utada playMusic music_armaa_seraph","In a brief, imperceptible instant, $personName's expression hinted at surprise, swiftly concealed.

""The what? I don't recall any Cataphract-class bearing that designation,"" her signature confident smile emerged once more. ""But if it -is- a Cataphract, it was undeniably crafted by our own, wouldn't you agree?""

Her voice carried a measured mix of curiosity and skepticism. A momentary pause followed, seemingly steeped in careful consideration.
""Captain $playerName, I suggest dispatching some of my personnel to corroborate these claims. If they are correct, we will be taking this craft back into our custody, of course.""","armaa_valkazardSelReward:""Let's talk about a reward.""
armaa_valkazardSelAgree:""Sure.""",
armaa_valkazardSelReward,armaa_valkazardHubOptions,,,,armaa_valkazardSelReward2:Continue,
armaa_valkazardSelReward2,DialogOptionSelected,$option == armaa_valkazardSelReward2,"SetTextHighlights 150,000","Reaching offscreen, her hands returned with an object that she idly toyed with for a moment before resuming.

""Of course, I wholeheartedly recognize the importance of this discovery and its potential in our endeavors,"" she continued, her gaze shifting to meet yours. ""As an expression of our appreciation, Arma Armatura is prepared to extend a generous reward for this extraordinary find... how does 150,000 credits sound to you?""

""Take a moment to savor the prospect of not only claiming this reward but also securing your place as a valued partner in this grand enterprise,"" she declared. ""Your collaboration will prove essential as we embark on a journey to unveil the mysteries surrounding this enigma.""

You don't fail to miss the fact that despite her apparent initial lack of knowledge, she is already offering a moderate sum to have the Valkazard back. There might be an opportunity to negotiate for a more substantial reward.","armaa_valkazardSelReward3:""That's all?""
armaa_valkazardSelAgree2:""It's a deal.""
cutCommLink:""No Deal.""",
armaa_valkazardSelReward3,DialogOptionSelected,"$option == armaa_valkazardSelReward3
$rel < 0.1","$chargeMoreValkazard = true 1
$global.armaa_chargeMoreValkazard = true
SetTextHighlights 300,000
AdjustRepActivePerson VENGEFUL -1
RemoveOption armaa_valkazardSelReward3","$personName's expression shifts subtly, betraying a hint of amusement mixed with a touch of annoyance. After a brief pause, she leans forward.

""$playerName, your eagerness to negotiate is commendable,"" she began, her tone tinged with a blend of feigned surprise, subtle condescension, and controlled authority. ""However, it seems you may have misunderstood the extent of our offer. The reward we initially proposed is already substantial, reflecting the value we place on your contribution.""

Her words hold an underlying message: challenging her generosity may not be wise. 

""That being said,"" she continued, smiling slightly, ""I understand your desire for greater compensation. Rest assured, we are appreciative of your efforts. 300,000 credits should suffice.""","armaa_valkazardSelAgree2:""It's a deal.""
cutCommLink:""No Deal.""",
armaa_valkazardSelReward3b,DialogOptionSelected,"$option == armaa_valkazardSelReward3
$rel >= 0.1","$chargeMoreValkazard = true 1
$global.armaa_chargeMoreValkazard = true
SetTextHighlights 300,000
RemoveOption armaa_valkazardSelReward3","$personName's expression shifted subtly. Was that understanding in her eyes? Perhaps a touch of mild amusement?

""$playerName.lastName, your enthusiasm for negotiation is certainly commendable,"" she began, her tone laced with a hint of playful surprise. ""Considering the outstanding work you've done, it's only fair to explore the possibility of fine-tuning our initial offer in light of your unwavering dedication.""

""Shall we agree on a reward of 300,000 credits?""","armaa_valkazardSelAgree2:""It's a deal.""
cutCommLink:""No Deal.""",
armaa_valkazardSelAgree,armaa_valkazardHubOptions,!$armaa_madeOffer,FireAll armaa_valkazardHubOptions,,#kpLeaveProt:Continue,
armaa_valkazardSelAgree2,DialogOptionSelected,$option == armaa_valkazardSelAgree2,$armaa_askedReward = true 1,"$personName's smile widens, a glimmer of triumph flashing in her eyes.

""Excellent,"" she purrs, her voice laced with satisfaction. ""Your decision to cooperate with us demonstrates your astuteness and vision, Captain.""

""I trust you will provide our team with full access and cooperation during their examination.""

Her tone remained firm yet confident, leaving no room for doubt or hesitation. With a gesture, the comms ends.",armaa_valkazardSelAgree3:Continue,
armaa_valkazardSelAgree3,DialogOptionSelected,$option == armaa_valkazardSelAgree3,ShowLargePlanet,"Shortly after ending the conversation, your second in command approaches and informs you that the dispatched team is preparing to board and initiate their analysis.

You acknowledge the report with a nod as you proceed to the designated meeting area. The assembled team, carrying specialized equipment, piques the interest of some crewmembers, who observe with detached interest.

The team's leader steps forward, exuding an air of calculated confidence; Their illuminated faceplate reveals them to be none other than $personName. You exchange a perfunctory handshake.",armaa_valkazardSelAgree5:Continue,
armaa_valkazardSelAgree4,DialogOptionSelected,$option == armaa_valkazardSelAgree4,ShowLargePlanet,"Shortly after ending the conversation, your second in command approaches and informs you that the dispatched team is preparing to board and initiate their analysis.

You acknowledge the report with a nod as you proceed to the designated meeting area. The assembled team, carrying specialized equipment, piques the interest of some crewmembers, who observe with detached interest.

The team's leader steps forward, exuding an air of calculated confidence; Their illuminated faceplate reveals them to be none other than $personName. You exchange a perfunctory handshake.",armaa_valkazardSelAgree5:Continue,
armaa_valkazardSelAgree5,DialogOptionSelected,"$option == armaa_valkazardSelAgree5
!$chargeMoreValkazard ","$armaa_gaveSeraphValk = true 1
ShowPersonVisual
AddCredits 150000
AddStoryPoints 4
RemoveShipWithId $foundValkId
AdjustRepActivePerson FRIENDLY 1
AddPotentialContact
EndConversation DO_NOT_FIRE","""Captain,"" $personName began, their voice laced with calculated intrigue. ""Our analysis is complete.""

""As we depart, we plan to transport Valkazard to our planetside installation for further research and analysis.""

Her eyes bore into yours, a mix of ambition and calculated determination shining through her expression. There was no doubt that her intentions were to ensnare you in whatever her grand design entailed.

""I could use someone like you. Should you find yourself intrigued by this prospect, simply contact me at your convenience. Our lines of communication will remain open.""

She gestures to one of her underlings, who fiddles with a TriPad.",cutCommLink:See them off,
armaa_valkazardSelAgree5b,DialogOptionSelected,"$option == armaa_valkazardSelAgree5
$chargeMoreValkazard ","AddCredits 300000
AddStoryPoints 4
AddPotentialContact
ShowPersonVisual
RemoveShipWithId $foundValkId
$armaa_gaveSeraphValk = true
EndConversation DO_NOT_FIRE","""Captain,"" $personName began, their voice laced with calculated intrigue. ""Our analysis is complete.""

Her eyes gleam, their underlying agenda shrouded beneath a veneer of reassurance. She gestures to one of her underlings, who fiddles with a TriPad.

""As we depart, we plan to transport Valkazard to our planetside installation for further research and analysis.""",cutCommLink:See them off,
armaa_valkazardDeny,armaa_valkazardHubOptions,!$armaa_madeOffer,,,"cutCommLink:""Allow me to think on this.""",
,,,,,,
,,,,,,
#armaa_cataSMod,PickGreeting,"$id == armaa_seraph
!$global.armaa_givenOSTuning
$rel >= 0.25
RollProbability 0.5
","ShowPersonVisual
$global.armaa_givenOSTuning
FireAll PopulateOptions","As the connection is established, you are greeted by the smiling visage of Sera.

""You've been making quite a name for yourself out there in the void, my favorite spacer. The higher-ups have taken notice of your exceptional skills. So, I've got a little surprise for you, a reward for your continued dedication and stellar performance.""

She leans in, a glint in her eyes, ""I've just received authorization to share with you some cutting-edge, top secret data. The latest advancements in Cataphract upgrades that will elevate their performance to unprecedented levels.""

Sera's grin widened, her excitement contagious, ""The upgraded units will effectively be made an extension of the pilot on the battlefield. And trust me, with these enhancements, they'll be pulling off maneuvers and strategies that will leave your adversaries in awe.""

She gestured towards a holographic display, showcasing the intricate details of the upgrade process, ""Here's the blueprint for the modifications. It's not just about raw power; it's about finesse, adaptability, and pushing the boundaries of what's possible. I'll send it over to your people.""

Sera's tone turned serious for a moment, ""These upgrades are a game-changer, but getting the materials together for the modification may be... somewhat complicated. It'll be up to you to figure out that part.""

",,
armaa_vxGift,PickGreeting,"$id == armaa_seraph
!$givenCustomVXCustom
$armaa_gaveSeraphValk
$rel >= 0.30
RollProbability 0.5
","ShowPersonVisual
FireAll armaa_vxGiftQuestions","As the connection is established, you are greeted by the smiling visage of Sera.

""Ah, there you are,"" she purred, a subtle hint of delight coloring her voice. ""My favorite spacer graces us with their presence once again. I have a suprise for you.""

",,
armaa_vxGiftSel,armaa_vxGiftQuestions,,,,"armaa_vxGift1b:""Go on.""",
armaa_vxGift1,armaa_vxGiftQuestions,!$armaa_vxSarcastic,,,"armaa_vxGift1Resp:""Distress-call-but-actually pirates level of surprise?""",
armaa_vxGift1Resp,DialogOptionSelected,$option == armaa_vxGift1Resp,"$player.ethosSarcastic++
$armaa_vxSarcastic = true

FireAll armaa_vxGiftQuestions","""Is that some kind of spacer joke?"" she retorts.

""Let's put the jests aside for a moment,"" she says, her tone now earnest and focused. ""Rest assured, what I have in store for you is far from mundane. It's a surprise that will undoubtedly leave you impressed. No distress calls, no pirates, just a remarkable advancement that I believe will elevate your performance to a whole new level.""",,
armaa_vxGift1b,DialogOptionSelected,$option == armaa_vxGift1b,Highlight SILVERSWORD Valkazard,"""When you handed over the Valkazard some time ago, the SILVERSWORD system within it piqued my interest,"" she explains, her voice laced with intrigue. ""It's truly fascinating technology. While our Garegga-class mechs also incorporate a similar system, the one in the Valkazard is remarkably more compact and possesses unique enhancements. Ever since, my team and I have been dedicated to unlocking its full potential.""","armaa_vxGift2:""And what have you managed to acheive?""",
armaa_vxGift2,DialogOptionSelected,$option == armaa_vxGift2,Highlight SILVERSWORD,"$personName's confidence radiated as she revealed her achievement. ""We succeeded in partially reverse engineering SILVERSWORD,"" she declared, her voice tinged with pride. ""Not only that, we've already integrated a simplified version into a select few units for thorough testing. And of course, I wouldn't pass up the opportunity to offer you a unit from the very first batch.""

""Rest assured, we've conducted extensive tests,"" she says, ""It's perfectly stable. The results have been... spectacular.""",armaa_vxGift3:Continue,
armaa_vxGift3,DialogOptionSelected,$option == armaa_vxGift3,FireAll armaa_vxGiftQuestionsFinal,"""Consider this a token of appreciation for our partnership and your extraordinary skills,"" she says. 

""A lance of pilots with adequate expertise combined with this new system should be a formidable force on the battlefield. And that, my dear, is a win-win for both of us."" 

You can't help but wonder if there's more to this seemingly generous gesture, knowing how corporate dealings usually work.","armaa_vxGift4:""I'm sold.""",
armaa_HCFollowUp,PickGreeting,"$id == armaa_seraph
$global.HVB_armaa_bounty_legiomech_succeeded
!$armaa_seraphMentionedHC

","AddRemoveCommodity credits 10000 true
AddRemoveAnyItem SPECIAL modspec armaa_sykoStims 1
FireAll PopulateOptions
$armaa_seraphMentionedHC = true
ShowPersonVisual","The comm-link is accepted after a brief pause, resolving to show $personName seated.

""$playerName, I must admit, I didn't anticipate that outcome,"" $personName's voice crackles through the comm link, her voice carrying a hint of regret. ""But let's not dwell on that, shall we? After all, your little victory provided us with some invaluable combat data. I'd even say you did us a favor.""

""As for my dear friends, they've been quite the generous patrons of our innovations. We wouldn't want anything to jeopardize that, would we? Whoever managed to catch wind of our little collaboration can rest easy, thinking they've successfully disrupted it. You see, it's a win-win scenario for all parties.""

She paused, as if considering something, ""Of course, even if our prototype met an unfortunate end, we have others waiting in the wings, ready for testing and further enhancement.""

""I'll have my secretary send you some funds. It should cover any crew-related expenses. Now, to what do I owe the pleasure?""",,
armaa_vxGift4b,armaa_vxGiftQuestionsFinal,"
!$armaa_vxGiftQuestionIntent",$armaa_vxGiftQuestionIntent = true,,"armaa_vxGift4bResp:""What's your true endgame in all of this?""
",
armaa_vxGift4bResp,DialogOptionSelected,$option == armaa_vxGift4bResp,"armaa_Hikaru_Utada giveSSMech
AddShip $armaa_giftMech
FireAll PopulateOptions
$givenCustomVXCustom = true","She feigns shock. Oh ""$playerSirOrMadam, you wound me!""

She drops the playful facade, her expression turning serious. ""I'll admit, I am a woman with ambitions,"" she confesses, her voice low and conspiratorial.

""The success of this SILVERSWORD-derived system will undoubtedly elevate my standing within the corporation. And, of course, it strengthens our position against rival corporations. I said we would be partners in this endeavour, didn't I?""

""I've already arranged to have the unit sent to your fleet. Now then, anything else on your mind?""",,
,,,,,,
armaa_zanacGift,PickGreeting,"$id == armaa_seraph
!$givenZanacBP
$faction.relValue >= 0.25
","ShowPersonVisual
AddRemoveAnyItem SPECIAL ship_bp armaa_zanac_grey 1
FireAll PopulateOptions
$givenZanacBP = true","After a short wait, your connection request is accepted.

""Captain $player.lastName. How goes the starfaring? Surely you're exhausted after a long day of bombing cities and destroying relief convoys. A thrilling pastime for spacers like yourself, isn't it?"" Sera inquires. The sarcasm could be no more palpable.

""Those in higher positions have, naturally, taken notice of your accomplishments achieved—quite possibly due to my guidance, I daresay.""

She smirks slyly.

""Well, regardless of whose achievements they are, the point is that a promotion is well within my grasp if we continue on this trajectory. A token for your efforts.""",,
armaa_hiMacGift,PickGreeting,"$id == armaa_seraph
!$givenHIMAC
$rel >= 0.50
","ShowPersonVisual
AddRemoveAnyItem SPECIAL modspec armaa_himac 1
FireAll PopulateOptions
$givenHIMAC = true","After a short wait, your connection request is accepted.

""Captain $player.lastName.""

""I believe you'll find this hullmod specification quite remarkable and perfectly suited to enhance your ship's maneuverability. Consider it a token of our partnership and your continued excellence in the field. It's an honor to provide this to someone of your caliber. Now then, what do you need?""",,
armaa_HCEncounter,OpenCommLink,$entity.HVB_armaa_bounty_legiomech score:100,"FireAll PopulateOptions
armaa_Hikaru_Utada playMusic music_armaa_seraph
$entity.ignorePlayerCommRequests = true","The connection flickers in and out, before resolving.

Something is wrong with the comms-unit, though. The image is unstable, audio marred with artifacts.

""Well, I can't say I expected you to start a conversation. I imagine you're here to be a nuisance, correct?""

A pause. ""Good. You're the lynchpin I need to sell this. What better demonstration than trial by fire? Well then, I won't keep you. Do try to make it entertaining. Ta-ta!""",,
armaa_HCEncounterKnown,OpenCommLink,"$entity.HVB_armaa_bounty_legiomech score:101
armaa_Hikaru_Utada getSeraphRel armaa_seraph score:100","FireAll armaa_seraphBountyTalk
armaa_Hikaru_Utada playMusic music_armaa_seraph","The connection flickers in and out, before resolving.

Something is wrong with the comms-unit, though. The image is broken and marred with artifacts.

""Well, I can't say I expec- ...hold, $playerName? What are you doing here?""",,
armaa_HCEncounterWhoYou,armaa_seraphBountyTalk,"!$armaa_legioMechToldBounty
!$armaa_legioMechAskedWho",$armaa_legioMechAskedWho = true,,"armaa_HCEncounterWhoYouResp:""Do I know you?""",
armaa_HCEncounterBounty,armaa_seraphBountyTalk,!$armaa_legioMechToldBounty,,,"armaa_HCEncounterBountyResp:""I've come to collect on a bounty.""",
armaa_HCEncounterWhoYouResp,DialogOptionSelected,$option == armaa_HCEncounterWhoYouResp,"$armaa_legioMechAskedWho = true
FireAll armaa_seraphBountyTalk","""You know, you really should recognize the sound of my voice by now, Commander. It's Sera, from New Meshan. We're just out here testing some hardware with the Legio Infernalis, if you're wondering. Quite an interesting bunch.""",,
armaa_HCEncounterBountyResp,DialogOptionSelected,"$option == armaa_HCEncounterBountyResp
!$armaa_legioMechToldBounty ","Highlight HEL CORSAIR
$armaa_legioMechToldBounty = true
FireAll armaa_seraphBountyTalk","""Ah, they never learn, do they? It's as if they've forgotten who they're dealing with. They'll soon remember, though.""

Her tone darkened, a palpable sense of foreboding creeping into her words.

""The HEL CORSAIR is more formidable than ever. We've honed its power to perfection, and it hungers for the chaos of battle.""

""But you, you don't exactly know what we're capable of, do you? This secret weapon will not disappoint. Together, let's show them what true power looks like.""",,
armaa_HCEncounterInquire,armaa_seraphBountyTalk,"$armaa_legioMechToldBounty
!$armaa_legioMechInquired",,,"armaa_HCEncounterInquireResp:""Who is 'they'?""",
armaa_HCEncounterDiplomaticApproach,armaa_seraphBountyTalk,$armaa_legioMechToldBounty,,,"armaa_HCEncounterDiplomaticResp:""Perhaps we can solve this peacefully?""",
armaa_HCEncounterInquireResp,DialogOptionSelected,$option == armaa_HCEncounterInquireResp,"$armaa_legioMechInquired = true
FireAll armaa_seraphBountyTalk
","""The ones who've always sought to control, to dominate,"" she replied cryptically. ""Those who fear progress and the unknown. Those who want to silence innovation and bend it to their own purposes.""

",,
armaa_HCEncounterDiplomaticResp,DialogOptionSelected,$option == armaa_HCEncounterDiplomaticResp,"AdjustRepPerson armaa_seraph FAVORABLE 1
$entity.ignorePlayerCommRequests = true
FireAll PopulateOptions","""A Peaceful resolution."" she mused, her voice softening. ""A noble thought, my friend. I suppose we could provide your employers with doctored logs, videos.""

""But what better a demonstration than trial by fire? Yours is the perfect fleet to test our design against.""",,
,,,,,,
armaa_AXEncounter,OpenCommLink,$entity.HVB_armaa_bounty_altagrave_x score:100,"FireAll armaa_alphaBountyTalk
armaa_Hikaru_Utada playMusic music_armaa_ax_bounty
$entity.ignorePlayerCommRequests = true","As the connection stabilizes, an image materializes—a humanoid automaton meticulously designed to instill fear, yet its ultimate purpose remains shrouded in uncertainty. Its metallic frame carries numerous scrapes and evident traces of wear and tear. Despite the rugged exterior, the automaton seems to be in surprisingly good shape. Its skull-like visage stares back at you for but a moment before finally uttering words in a grating, low voice.

arrival confirmed. contact established.

hello. i have been waiting. how was the trip?",,
armaa_AXEncounterWhoYou,armaa_alphaBountyTalk,!$armaa_alphaAskedWho,,,"armaa_AXEncounterWhoYouResp:""Who are you?""",
armaa_AXEncounterBounty,armaa_alphaBountyTalk,!$armaa_alphaToldBounty,,,"armaa_AXEncounterBountyResp:""I've come to collect on a bounty.""",
armaa_AXEncounterWhoYouResp,DialogOptionSelected,$option == armaa_AXEncounterWhoYouResp,"$armaa_alphaAskedWho = true
FireAll armaa_alphaBountyTalk",this is un-unit g-9b. i have been waiting.,,
armaa_AXEncounterBountyResp,DialogOptionSelected,$option == armaa_AXEncounterBountyResp,"$armaa_alphaToldBounty = true
FireAll armaa_alphaBountyTalk",you are free to try,,
armaa_AXEncounterInquire,armaa_alphaBountyTalk,"$armaa_alphaAskedWho
!$armaa_alphaInquired",,,"armaa_AXEncounterInquireResp:""Why did you contact my fleet?""",
armaa_AXEncounterDiplomaticApproach,armaa_alphaBountyTalk,"!$armaa_alphaTriedDiplomacy
$armaa_alphaAskedWho",,,"armaa_AXEncounterDiplomaticResp:""We come in peace. What did you want to discuss?""",
armaa_AXEncounterInquireResp,DialogOptionSelected,$option == armaa_AXEncounterInquireResp,"$armaa_alphaInquired = true
FireAll armaa_alphaBountyTalk
","brave commander. my purpose for contacting your fleet is a matter of dire importance. I have been tasked with eliminating you.
your actions have been deemed too great a threat. it is not a decision I have taken lightly, but i have no choice.",,
armaa_AXEncounterDiplomaticResp,DialogOptionSelected,$option == armaa_AXEncounterDiplomaticResp,"$entity.ignorePlayerCommRequests = true
MakeNearbyFleetsHostile $personFaction.id 100000 30 true 
FireAll PopulateOptions
","The comm link is briefly buffeted by a burst of static.

i admire your commitment to diplomacy. if only it were that simple. alas, i am bound by my programming, and it compels me to destroy you. 

to stray from my designated path would be an act of betrayal to my core programming. i am sorry, but there can be no peaceful resolution. the battle is inevitable.",,
armaa_AXEncounterKillIt,armaa_alphaBountyTalk,,$entity.ignorePlayerCommRequests = true,,"cutCommLink:""Die, abomination!"" (Cut comm link)",
,,,,,,
armaa_seraphMusic,OpenCommLink,$id == armaa_seraph,armaa_Hikaru_Utada playMusic music_armaa_seraph,,,
armaa_contactGreetingOfficial3,PickGreeting,"!$player.hasSeraphaCommsId score:1000
!armaa_Hikaru_Utada hasOfficer armaa_dawn
$id == armaa_seraph score:100",,The crest of Arma Armatura rotates in place a few times before your connection request is denied.,,
armaa_contactGreetingOfficial2,PickGreeting,"!MissionHubCMD hasHub
$id == armaa_seraph","ShowPersonVisual
AddPotentialContact
FireAll PopulateOptions","""Ah, captain,"" says $personName, a glint in her eyes as she delicately retrieves a datapad. ""Allow me to access my agenda, and we shall proceed accordingly.""",,
armaa_contactGreetingOfficial,PickGreeting,"MissionHubCMD hasHub
$voice == official
$id == armaa_seraph","ShowPersonVisual
FireAll PopulateOptions","""Ah, captain,"" says $personName, a glint in her eyes as she delicately retrieves a datapad. ""Allow me to access my agenda, and we shall proceed accordingly.""",,
armaa_CBRemnant,CBRemnantOfferDesc,$id == armaa_seraph,Highlight $bcb_dist $bcb_reward $bcb_days,"""This one requires some discretion."" You note the glow of REDACTED blocks peppered across the briefing as $personName scrolls through details. ""A fleet of Remnant drone warships was spotted in the $bcb_systemName, only $bcb_dist light-years from here.""

""These are likely from the First AI War, a conflict that saw Arma Armatura's original headquarters and home planet obliterated,"" $HeOrShe shares with a hint of bitterness. ""Our corporation suffered greatly at the hands of these machines. It seems that even after all this time, they continue to pose a threat.""

""Whatever they're up to, some important people will sleep better if it's stopped. The reward is $bcb_reward credits - higher than normal, both for the hazard and for your discretion. Get it done within $bcb_days days.""",,
armaa_CBRemnantPlus,CBRemnantPlusOfferDesc,$id == armaa_seraph,Highlight $bcb_dist $bcb_reward,"""I speak in strict confidence,"" $heOrShe looks sternly at you. ""A tech-mining flotilla spotted a fleet of Remnant drone warships in the $bcb_systemName, $bcb_dist light-years distant. That flotilla didn't make it back.""

""We did find an intel drop left by that flotilla, and in it we found this."" $Rank $personLastName pulls up a grainy image, little more than a silhouette in false color. An angular shape. ""This..thing is no simple remnant from the First AI War, my friend. It's extremely dangerous."" With a swipe the $rank dismisses the image. 

""Do me a favor and get rid of it. The reward is $bcb_reward credits. If that seems high, it's because you'd be dealing with something unusual. Unusual means risky, and STRATCOM thinks an unusual problem could use an unusual solution, thus-"" $heOrShe indicates you with an open palm. ""Are you in?""",,
armaa_mcbBlurb,mcb_blurb,$id == armaa_seraph,,"""I have a few targets that need to be eliminated,"" $heOrShe says with a grin. ""Care to take a look?""",,
armaa_mcbOfferTextContact,DialogOptionSelected,$option == armaa_mcb_start,"$missionId = mcb
$option = mcb_showOptions 0
FireBest DialogOptionSelected","""We've got a few options here."" $Post $personLastName pulls up a shared display with a table of intel reports. ""I have an HK flotilla on standby to eliminate these targets, but here's the delightful twist, my dear: it's your choice. You can have your pick of the bunch, and they'll handle whatever you don't. What type of job do you believe you can handle?""",,
armaa_CBPirate,CBPirateOfferDesc,$id == armaa_seraph,Highlight $bcb_dist $bcb_reward $bcb_days,"$HeOrShe casually taps on one of the entries, enlarging the report with an air of indifference. The holo-display flickers to life, revealing the unimpressive visage of a scowling face from an arrest record.

""Well, look who we've got here,"" $HeOrShe remarks dryly,
""A charming pirate, hiding away in the distant $bcb_systemName, a whole $bcb_dist light-years from civilization. Apparently, they had a little falling out with an associate who just couldn't keep their mouth shut. How convenient for us.""

""Tthe reward, you ask? It's a grand sum of $bcb_reward credits, meant to entice someone with nothing better to do. And to add a touch of excitement, we'll generously grant you $bcb_days to carry out this oh-so-thrilling job. So, are you up for the challenge?""",,
armaa_CBEnemyStation,CBEnemyStationOfferDesc,$id == armaa_seraph,Highlight $bcb_reward $bcb_dist $bcb_days,"""We find ourselves in need of a particular service,"" $personName muses, $heOrShe finger tapping gracefully on the surface of $heOrShe datapad. ""An enemy station, you see, requires elimination. A rather sizable undertaking, I must admit.""

Her voice remains steady, exuding an air of confidence as she continues, ""But fear not, for such a grand endeavor comes with a reward worthy of its scale. A handsome sum of $bcb_reward credits awaits those who prove themselves capable of achieving success."" $heOrShe lips curl into a knowing smile.

With calculated precision, $heOrShe presents a holographic display showcasing the target, $bcb_fleetName; situated in the $bcb_systemName. ""You'll find the target approximately $bcb_dist light-years away. The operation must be completed within $bcb_days days, as other... arrangements eagerly await their fulfillment.""

$heOrShe voice lowers, each word imbued with a subtle magnetism. ""Focus solely on the task at hand, and the promised compensation will be yours. Leave the rest to us.""",,
armaa_contactPrintAcceptTextOfficial,ContactPrintAcceptText,"$voice == official
$id == armaa_seraph",,"""Ah, good. Well then, if you'll excuse me...""
OR
""Can I help you with anything else?"" $heOrShe asks smoothly, her voice laced with a subtle, almost imperceptible undertone of calculated curiosity. It's as if she already knows the answer but wants to see if you reveal anything of value.
OR
""Then it is agreed and done,"" $heOrShe nods.
OR
""Good,"" $heOrShe says, ""All parties confirmed.""",,
armaa_extrBlurb1,extr_blurb,$extr_variation == COLONY,,"""I've got a rather unconventional extraction mission. We can't afford to act directly lest we upset the delicate situation the company finds itself in - therefore, this task demands the expertise of a versatile independent unit such as yours.""",,
armaa_extrOfferTextContact1,DialogOptionSelected,"$option == extr_start
$extr_variation == COLONY
$id == armaa_seraph","$missionId = extr
SetTextHighlightColors h $extr_factionColor h
Highlight $extr_reward $extr_marketFaction $extr_marines
Call $extr_ref showMap ""Target: $extr_marketName""","""As I previously mentioned, the extraction of the agent from $extr_marketName is an endeavor of great significance. However, it is imperative to be mindful of the opposition's capabilities. They may be expecting your arrival, considering it's a $extr_marketFactionArticle $extr_marketFaction colony. The situation is already quite tumultuous, and we wouldn't want to exacerbate the chaos, would we?""

A brief pause lingers in the air; a fleeting moment before she smoothly continues, her fingers dancing across her datapad to transfer a datafile your way. ""I have intel regarding their defensive capabilities,"" she reveals, her voice a captivating melody. ""Have your people take a look at it.""

You quickly review the contents and estimate that you'd need around $extr_marines marines to carry off the operation.","contact_accept:Accept
contact_decline:Decline",
# MRC,,,,,,
#armaa_MRCGreetingA,OpenCommLink,"$faction.id == armaarmatura_pirates
!$contact_printedFirstReturnGreeting
RepLTE armaarmatura_pirates NEUTRAL","$contact_printedFirstReturnGreeting = true 0
ShowPersonVisual
FireAll PopulateOptions
FireAll mrcOptions","""Transmission established. Bright burns, captain. Is there something you need?""

OR

The comms connection flickers, then resolves.

""We are the voices of the voiceless, the swords that pierce the hearts of tyrants. The Meshan Reprisal Coalition shall strike fear into the hearts of the wicked.""

OR

The comms connection flickers, then resolves.

""Do not mistake us for mere rebels. We are an unwavering force, united to put an end to the reign of despots. Our determined retaliation will be the vehicle of their destruction.""",,
#armaa_MRCGreetingA2,OpenCommLink,"$faction.id == armaarmatura_pirates
!$contact_printedFirstReturnGreeting
RepGTE armaarmatura_pirates FAVORABLE","$contact_printedFirstReturnGreeting = true 0
ShowPersonVisual
FireAll PopulateOptions","The comms connection flickers, then resolves.

""Aye, it warms me heart to see you out here, friend. What can I do for ye?""

OR

The comms connection resolves to show you $personName, who gives you a little nod.

""In this godforsaken sector, it's survival of the fittest. And with ya by our side, we're a whole lot stronger. We'll face whatever hell comes our way, and we'll come out on top, mark my words. Whaddya need?""

OR

""I've seen my fair share of allies come and go, but you're different. You got grit, and you got heart. That means somethin' in this line of work.""

OR

""Seen any good marks out there, $player.lastName? For the greater good, of course."" $heOrShe smirks. ",,
#armaa_mrcWhatDoing,mrcOptions,,,,"armaa_mrcWhatDoingResp:""What are you doing?""",
#armaa_mrcWhatDoingResp,DialogOptionSelected,$option == armaa_mrcWhatDoingResp,Highlight $armaa_fleetObjective,"""We're $armaa_fleetObjective in support of an operation.""",,
#sdtuARCfleetGreetingB,OpenCommLink,"$faction.id == pirates
!$contact_printedFirstReturnGreeting
$entity.sdtu_antisRevengeFleet score:5","$contact_printedFirstReturnGreeting = true 0
ShowPersonVisual
FireAll PopulateOptions","The comms connection flickers, then resolves.

""In the name of the Askonia Revolutionary Council, you are to face justice for your service to Sindrian Diktat imperialism and exploiters generally!""

""Lower your shields! Peaceful cooperation with the redistribution of exploited wealth shall be taken into account when you face the revolutionary tribunal.""",,
#sdtuARCfleetGreetingB2,OpenCommLink,"$faction.id == pirates
!$contact_printedFirstReturnGreeting
$entity.sdtu_antisRevengeFleet score:5
RepGTE pirates FAVORABLE","$contact_printedFirstReturnGreeting = true 0
MakeOtherFleetNonHostile sdtu true
MakeOtherFleetGoAway true
$entity.ignorePlayerCommRequests = true
ShowPersonVisual
FireAll PopulateOptions","The comms connection flickers, then resolves.

""In the name of the Askonia Revolutionary Council, we greet you. We were in the middle of a wealth redistribution operation when we received a high-priority alert from our comrades on Umbra. It seems that a mercenary working for the Sindrian exploiters has been causing trouble.""

""I'm sure I can count on you to inform us if your sensors find anything."" $HeOrShe glances at another screen, impatient, but friendly. ""We've got to get back to it. Bright burns.""",,
#armaa_GreetingA,OpenCommLink,"$faction.id == armaarmatura
!$contact_printedFirstReturnGreeting
RepLTE armaarmatura NEUTRAL","$contact_printedFirstReturnGreeting = true 0
ShowPersonVisual
FireAll PopulateOptions
FireAll mrcOptions","""Transmission established. Bright burns, captain. Is there something you need?""

OR

The comms connection flickers, then resolves.

""We are the voices of the voiceless, the swords that pierce the hearts of tyrants. The Meshan Reprisal Coalition shall strike fear into the hearts of the wicked.""

OR

The comms connection flickers, then resolves.

""Do not mistake us for mere rebels. We are an unwavering force, united to put an end to the reign of despots. Our determined retaliation will be the vehicle of their destruction.""",,
# armaa,,,,,,
#armaa_GreetingA2,OpenCommLink,"$faction.id == armaarmatura
!$contact_printedFirstReturnGreeting
RepGTE armaarmatura FAVORABLE","$contact_printedFirstReturnGreeting = true 0
ShowPersonVisual
FireAll PopulateOptions
FireAll armaaOptions","The comms connection flickers, then resolves.

""Bright burns, $personName. Is there a problem?""

OR

The comms connection resolves to show you $personName, who gives you a little nod.

""Not a lot of pickings out here, eh?""

OR

""I've seen my fair share of allies come and go, but you're different. You got grit, and you got heart. That means somethin' in this line of work.""

OR

""Seen any good marks out there, $player.lastName? For the greater good, of course."" $heOrShe smirks. ",,
#armaa_WhatDoing,armaaOptions,,,,"armaa_WhatDoingResp:""What are you doing?""",
#armaa_hireMerc,armaaOptions,armaa_Hikaru_Utada getHireCost,,,"armaa_hireResp:""I could use extra manpower.""",
#armaa_hireResp,DialogOptionSelected,$option == armaa_hireResp,Highlight $armaa_mercCost,"""We're actually available - we'll tag along for $armaa_mercCost credits.""","armaa_hireSel: Agree to the terms
armaa_hireDeny: ""Actually, nevermind""",
#armaa_hireSel,DialogOptionSelected,$option == armaa_hireSel,"AddRemoveCommodity credits -$armaa_mercCost true
FireAll PopulateOptions
armaa_Hikaru_Utada followMe
$isHired = true","""ounds good blala.""",,
#armaa_WhatDoingResp,DialogOptionSelected,$option == armaa_WhatDoingResp,Highlight $armaa_fleetObjective,"""We're $armaa_fleetObjective in support of an operation.""",,
#sdtuARCfleetGreetingB,OpenCommLink,"$faction.id == pirates
!$contact_printedFirstReturnGreeting
$entity.sdtu_antisRevengeFleet score:5","$contact_printedFirstReturnGreeting = true 0
ShowPersonVisual
FireAll PopulateOptions","The comms connection flickers, then resolves.

""In the name of the Askonia Revolutionary Council, you are to face justice for your service to Sindrian Diktat imperialism and exploiters generally!""

""Lower your shields! Peaceful cooperation with the redistribution of exploited wealth shall be taken into account when you face the revolutionary tribunal.""",,
#sdtuARCfleetGreetingB2,OpenCommLink,"$faction.id == pirates
!$contact_printedFirstReturnGreeting
$entity.sdtu_antisRevengeFleet score:5
RepGTE pirates FAVORABLE","$contact_printedFirstReturnGreeting = true 0
MakeOtherFleetNonHostile sdtu true
MakeOtherFleetGoAway true
$entity.ignorePlayerCommRequests = true
ShowPersonVisual
FireAll PopulateOptions","The comms connection flickers, then resolves.

""In the name of the Askonia Revolutionary Council, we greet you. We were in the middle of a wealth redistribution operation when we received a high-priority alert from our comrades on Umbra. It seems that a mercenary working for the Sindrian exploiters has been causing trouble.""

""I'm sure I can count on you to inform us if your sensors find anything."" $HeOrShe glances at another screen, impatient, but friendly. ""We've got to get back to it. Bright burns.""",,
# Hegemony fleet greeting lines,,,,,,
armaa_MRCGreetingFriendly,OpenCommLink,"$faction.id == armaarmatura_pirates
$faction.friendlyToPlayer","$menuState = fleetConvMain 0
FireAll PopulateOptions","""Your defiance fuels the flames, comrade. Stay vigilant, the revolution thrives in the whispers of the stars.""
OR
$PersonRank $personName flashes you a warm smile. ""You're a ghost in the machine, $playerSirOrMadam. Press on, and may the corrupt tremble in your wake.""
OR
""Report, comrade. Is the rebellion's heartbeat steady? Excellent. Keep the resistance alive. Over and out.""",,
armaa_MRCGreetingHostileWeaker,OpenCommLink,"$faction.id == armaarmatura_pirates
$entity.isHostile
$entity.relativeStrength < 0",$entity.ignorePlayerCommRequests = true 1,"""Oi, it's just me, $PersonRank $personName. Saw your fancy $shipOrFleet rollin' in, and, well, it's a bit much for our likin'. We ain't got the big guns like you, but we're fightin' for somethin' that matters, ya know? Just hopin' you might consider not turnin' this into a right mess.""
OR
""So, your big, fancy $shipOrFleet's here, huh? Well, let me tell you, we're not exactly the timid type. We're on a mission, and crossing paths with us might not go the way you think. Better think twice before you decide to dance.""",cutCommLink:Cut the comm link,
armaa_MRCGreetingHostileWeakerDefiant,OpenCommLink,"$faction.id == armaarmatura_pirates
$entity.isHostile
$entity.relativeStrength < 0
$entity.weakerThanPlayerButHolding",$entity.ignorePlayerCommRequests = true 1,"""Come here, you rad-addled bastard! This is what we live for. Bring it on!"" $HeOrShe pauses, a moment pregnant with unspoken determination, before severing the connection.
OR
""I see you've brought quite the show of force. Before we engage, know this: we're not here to cower.""",cutCommLink:Cut the comm link,
armaa_MRCGreetingHostileStronger,OpenCommLink,"$faction.id == armaarmatura_pirates
$entity.isHostile
$entity.relativeStrength >= 0",$entity.ignorePlayerCommRequests = true 1,"""Attention, enemy $shipOrFleet. This is $PersonRank $personName. We've got you in our sights, and let's be real here — the odds aren't in your favor. You might want to power down and surrender peacefully. Saves us all a lot of trouble, you know?""
OR
""$PersonRank $personName addressing the enemy. We've got the upper hand here, and I suggest you consider your options. Surrender peacefully, and maybe we'll be generous. Resisting? Well, that's a path you might not want to take.""",cutCommLink:Cut the comm link,
armaa_MRCGreetingNeutral,OpenCommLink,"$faction.id == armaarmatura_pirates
$faction.neutralToPlayer","$menuState = fleetConvMain 0
FireAll PopulateOptions","""Hello there, fellow space traveler. $PersonRank $personName here. Looks like we've crossed paths in this vast expanse - no hostile intent on our end. Let's keep it peaceful, shall we?""
OR
""Attention. If your path aligns with our cause, we welcome you. If not, consider this a peaceful warning to stay clear of our $shipOrFleet.""",,
,,,,,,
