name,id,tier,rarity,base value,range,damage/second,damage/shot,emp,impact,turn rate,OPs,ammo,ammo/sec,reload size,type,energy/shot,energy/second,chargeup,chargedown,burst size,burst delay,min spread,max spread,spread/shot,spread decay/sec,beam speed,proj speed,launch speed,flight time,proj hitpoints,hints,tags,groupTag,tech/manufacturer,for weapon tooltip>>,primaryRoleStr,speedStr,trackingStr,turnRateStr,accuracyStr,customPrimary,customPrimaryHL,customAncillary,customAncillaryHL,noDPSInTooltip,number,,
Juno Mk. III,armaa_fluxcannon,2,0.5,7000,1000,700,,,20,10,16,,,,KINETIC,,620,1.5,1,1.5,3,,,,,7000,,,,,"STRIKE, USE_VS_FRIGATES","energy15, beam11,kinetic10, rare_bp, hist1t, merc,remnant",,Arma Armatura,,Fire Support,,,,,,,,,,15.6,,
Curvy Laser,armaa_curvyLaser,3,0.3,8000,1500,,3000,500,3,60,25,25,,,ENERGY,500,,1.5,16,,,0,0,0,0,,400,0,12,500,"STRIKE, USE_VS_FRIGATES,DO_NOT_AIM,DANGEROUS","energy19, rare_bp,no_sell",,Arma Armatura,,Strike/Pressure,,,,,"Travels towards target briefly before coming to a halt and unleashing a volley of homing projectiles. After a short period of time  will resume its trajectory and attempt to kamikaze the enemy, dealing %s damage on impact.",3000,"%s: If more than one weapon with this trait is installed, it will %s of the ship.",Mild Interferences|reduce the flux dissipation,,,,
BA Assault Pod,armaa_armorPod,6,,2000,2000,,2500,1000,500,10,20,10,,,ENERGY,,,1,20,2,0.5,,,,,,500,500,10,3000,"DIRECT_AIM,DO_NOT_CONSERVE",,,Arma Armatura,,General,,,,,,,,,,,,
#EINHANDER,,,,,,,,,,,,,,,,,,,,,,,,,,,,,,,,,,,,,,,,,,,,,,,,
,armaa_sprigganleftPauldron,,,,1,1,,,,,,,,,,,,,10,,,,,,,,,,,,SYSTEM,,,,,,,,,,,,,,,999,,
,armaa_sprigganrightPauldron,,,,1,1,,,,,,,,,,,,,10,,,,,,,,,,,,SYSTEM,,,,,,,,,,,,,,,999,,
,armaa_sprigganRightArm,,,,1,1,,,,,,,,,,,,,10,,,,,,,,,,,,SYSTEM,,,,,,,,,,,,,,,999,,
,armaa_einhanderLeftArm,,,,1,1,,,,,,,,,,,,,10,,,,,,,,,,,,SYSTEM,,,,,,,,,,,,,,,999,,
,armaa_sprigganLeftArm,,,,1,1,,,,,,,,,,,,,10,,,,,,,,,,,,SYSTEM,,,,,,,,,,,,,,,999,,
Vulcan Cannon,armaa_sprigganHead,,,,250,,25,,,75,4,,,,FRAGMENTATION,1.3,,0,0.05,1,,0,12,1,20,,1000,,,10,"PD,SYSTEM",,,,,Point Defense,,,,,,,,,,,,
,armaa_sprigganHeadGlow,,,,1,1,,,,,,,,,,,,,10,,,,,,,,,,,,SYSTEM,,,,,,,,,,,,,,,999,,
Homing Laser,armaa_sprigganTorso,5,,5500,700,,100,0,10,0,42,144,0.35,16,ENERGY,55,,,10,14,0.15,,,,,,550,400,10,80,"DO_NOT_AIM,SYSTEM,ANTI_FTR,IGNORES_FLARES",,,Arma Armatura,,Pressure,Fast,Good,Great,Great,%s:  %s chance for an additional %s-%s points of %s damage when striking hull or armor.,Volatile|25%|5|30|High Explosive,,,,12.95,,
Juno Mk. I,armaa_einhanderGun,,,4500,600,,85,0,5,20,42,,,,ENERGY,80,,0.525,1,10,0.1,0,10,1,5,,950,,,70,"SYSTEM,PD_ALSO,PD",,,Arma Armatura,,Anti Hull,,,,,%s Inflicts %s pts %s damage alongside %s pts of %s damage per shot when ship system is activate.,Safety Release:|170|ENERGY|100|EMP,%s %s chance to generate EMP arcs on hull impact.,Safety Release:|25%|140|ENERGY|150|EMP,,,,
Juno Mk. I (FP),armaa_einhanderGun2,,,4500,600,,170,150,20,20,42,,,,ENERGY,110,,1.05,1,8,0.1,0,15,1,6,,750,,,70,SYSTEM,,,Arma Armatura,,Anti Hull,,,,,,,,,,,,
Styx Mk. I Shot,armaa_einhanderGunS,,,4500,800,,57,10,4,20,42,,,,HIGH_EXPLOSIVE,55,,1.05,1.6,8,0.1,0,15,1,6,,1100,,,70,SYSTEM,,,Arma Armatura,,Anti Hull,,,,,,,,,,,,
Styx Mk. I Shot,armaa_einhanderGunS2,,,4500,600,,45,,4,20,42,,,,HIGH_EXPLOSIVE,55,,1.05,1.6,8,0.1,0,15,1,6,,800,,,70,SYSTEM,,,Arma Armatura,,Anti Hull,,,,,,,,,,,,
Styx Mk. I Shot,armaa_altagrave_shotgun_pellet,,,4500,800,,45,10,4,20,42,,,,HIGH_EXPLOSIVE,55,,1.05,1.6,8,0.1,0,15,1,6,,750,,,70,SYSTEM,,,Arma Armatura,,Anti Hull,,,,,,,,,,,,
AS Glaive,armaa_heavyJavelin,3,0.3,2000,550,,500,300,50,20,42,10,,,HIGH_EXPLOSIVE,575,,0,5,1,,0,10,2,5,,700,,,30,"STRIKE, USE_VS_FRIGATES,SYSTEM",,,Arma Armatura,,Anti Armor,,,,,,,%s: Ammo can be replenished by returning to a carrier.,Combat Resupply,,,,
,,,,,,,,,,,,,,,,,,,,,,,,,,,,,,,,,,,,,,,,,,,,,,,,
#EINHANDER+,,,,,,,,,,,,,,,,,,,,,,,,,,,,,,,,,,,,,,,,,,,,,,,,
Variable Rifle,armaa_einhander_variablerifle,,,,600,1,,,,,,,,,,,,,10,,,,,,,,,,,,SYSTEM,,,,,,,,,,,,,,,,,
Homing Laser,armaa_einhander_plus_torso,5,,5500,700,,50,0,10,0,42,144,0.35,16,ENERGY,55,,,10,14,0.15,,,,,,800,75,5,50,"DO_NOT_AIM,SYSTEM,ANTI_FTR,PD_ALSO",,,Arma Armatura,,Pressure,Fast,Good,Great,Great,%s:  %s chance for an additional %s-%s points of %s damage when striking hull or armor.,Volatile|25%|5|30|High Explosive,,,,12.95,,
Vulcan Cannon,armaa_einhander_plus_head,,,,250,,25,,,75,4,,,,FRAGMENTATION,1.3,,0,0.05,1,,0,12,1,20,,1000,,,10,"PD,SYSTEM",,,,,Point Defense,,,,,,,,,,,,
,armaa_einhander_plus_rightPauldron,,,,1,1,,,,,,,,,,,,,10,,,,,,,,,,,,SYSTEM,,,,,,,,,,,,,,,999,,
,armaa_einhander_plus_leftArm,,,,1,1,,,,,,,,,,,,,10,,,,,,,,,,,,SYSTEM,,,,,,,,,,,,,,,999,,
,armaa_einhanderPlus_leftshoulder,,,,1,1,,,,,,,,,,,,,10,,,,,,,,,,,,SYSTEM,,,,,,,,,,,,,,,999,,
#RECORD/SPRIGGAN,,,,,,,,,,,,,,,,,,,,,,,,,,,,,,,,,,,,,,,,,,,,,,,,
Compact Sabot,armaa_record_torso,1,,100,800,,150,,15,30,1,1,,,KINETIC,0,,0,10,1,0.25,0,0,0,0,,300,100,8,150,"GUIDED_POOR, SYSTEM,STRIKE,USE_VS_FRIGATES",,,,,Anti Shield,Slow,Poor,,,"Submunition hits on hull or armor have a %s chance to arc to weapons and engines, dealing %s EMP damage.",25% | 200,,,TRUE,11.85,,
,armaa_record_torso_frig,,,,1,1,,,,,,,,,,,,,10,,,,,,,,,,,,SYSTEM,,,,,,,,,,,,,,,999,,
,armaa_record_leftPauldron,,,,1,1,,,,,,,,,,,,,10,,,,,,,,,,,,SYSTEM,,,,,,,,,,,,,,,999,,
,armaa_record_rightPauldron,,,,1,1,,,,,,,,,,,,,10,,,,,,,,,,,,SYSTEM,,,,,,,,,,,,,,,999,,
Target Painter,armaa_record_head,2,,,500,0,,,,80,4,,,,ENERGY,,,,,0.1,,0,,,,,1200,,,10,SYSTEM,,,,,Point Defense,,,,,,,,,,,,
Variable Rifle,armaa_spriggan_rrifle,,,,600,1,,,,,,,,,,,,,10,,,,,,,,,,,,SYSTEM,,,,,,,,,,,,,,,,,
IPD Laser,armaa_record_frig_head,,,,500,50,,40,,80,4,,,,ENERGY,,25,0.1,0.1,,,0,,,,,2400,,,10,"SYSTEM,PD,PD_ALSO",,,,,Point Defense,,,,,,,,,,,,
,armaa_recordLeftArm,,,,1,1,,,,,,,,,,,,,10,,,,,,,,,,,,SYSTEM,,,,,,,,,,,,,,,999,,
Drone Conversion,armaa_drone_missile,3,,0,1500,,400,400,100,0,0,1,,,HIGH_EXPLOSIVE,0,,0,1,1,,0,0,0,0,,400,0,10,100000,"DIRECT_AIM, SYSTEM",restricted,,,,Missile,Fast,Medium,,,,,,,TRUE,,,
#LEYNOS,,,,,,,,,,,,,,,,,,,,,,,,,,,,,,,,,,,,,,,,,,,,,,,,
SPLTR-07 Shotgun,armaa_leynos_shotgun_right,2,,,600,,360,,0,90,0,6,0.8,4,HIGH_EXPLOSIVE,196,,0,0.1,9999,0.5,20,20,0.4,0.4,,800,,,,SYSTEM,"no_drop, no_sell, no_drop_salvage",,Arma Armatura,,General,,,,,Fires a blast of %s projectiles with a semi-random spread pattern in a relatively tight cone.,8,"While ammo is available, can be fired as rapidly as the trigger can be pulled.",Semi-Automatic,FALSE,22.25,,
KENG-44 Autocannon,armaa_leynos_autocannon_right,2,0.5,,700,,200,100,15,35,0,,,,FRAGMENTATION,52.5,,0.1,1,4,0.16,2,12,2,5,,750,,,100,SYSTEM,"no_drop, no_sell, no_drop_salvage",,Arma Armatura,,General,,General,,,,,,,,1.4,,
SCTR-40 Minigun,armaa_leynos_minigun_right,2,,,600,,45,,5,30,,100,6,60,ENERGY,40,,0.35,0.35,9999,0.08,1,5,1,6,,1350,,,30,"SYSTEM,PD_ALSO,PD,FIRE_WHEN_INEFFICIENT","no_drop, no_sell, no_drop_salvage",,Arma Armatura,,Anti Hull,,,,,"Projectiles break into submunitions on contact, causing %s extra HE damage on hits to armor or hull.",0-10,,,FALSE,4.5,,
Boost Knuckle,armaa_leynosBoostKnuckle_return,2,,,600,,600,,4,30,,4,0.6,3,KINETIC,100,,0.5,0.5,,,15,15,0,0,,650,50,12,475,SYSTEM,"no_drop, no_sell, no_drop_salvage",,Arma Armatura,,Strike,,,,,Fires a blast of %s projectiles with a semi-random spread pattern in a relatively tight cone.,10,,,TRUE,15135,,
Boost Knuckle,armaa_leynosBoostKnuckle,2,,,800,,600,,50,30,,1,,,KINETIC,,,0.4,3,,,15,15,0,0,,650,50,6,475,"SYSTEM,DIRECT_AIM,DO_NOT_CONSERVE","no_drop, no_sell, no_drop_salvage",,Arma Armatura,,Strike,,,,,"%s: Launches arm at target. On impact, it will return to the host ship. If the arm cannot return successfully, this weapon becomes unusable.",I Cast Fist,Speed increases slightly while fist is fired.,,TRUE,15135,,
RVNG-23 EM Railgun,armaa_leynos_railgun,2,,,700,,100,175,3,25,0,,,,KINETIC,90,,0.33,0.33,1,,0,0,0,0,,1000,,,30,SYSTEM,"no_drop, no_sell, no_drop_salvage",,,,Anti-Shield,,,,,,,,,,3.85,,
PPC-79 Particle Cannon,armaa_leynos_ppc,2,,,600,,2800,0,0,10,0,10,,,FRAGMENTATION,1500,,1.1,10,,,,,,,,1200,,,100,"SYSTEM,STRIKE, USE_VS_FRIGATES","no_drop, no_sell, no_drop_salvage",,Arma Armatura,,General,,,,,,,,,,22.25,,
BS-03 Tristar Bazooka,armaa_leynosBazooka,2,,,700,,250,,0,20,0,30,,,HIGH_EXPLOSIVE,,,,3,3,0.15,3,5,1,10,,300,500,1.5,150,"SYSTEM,STRIKE, USE_VS_FRIGATES, GROUP_LINKED","no_drop, no_sell, no_drop_salvage",,Arma Armatura,,Strike,,,,,,,,,,19,,
CS-65 Crusher Cannon,armaa_leynos_crusher_right,2,0.3,,900,,160,,10,20,0,,,,HIGH_EXPLOSIVE,144,,0.6,0.675,2,0.12,0,10,2,5,,900,,,30,SYSTEM,"no_drop, no_sell, no_drop_salvage",,Arma Armatura,,Anti Armor,,,,,,,,,,4.75,,
#LEYNOS DECOS/PARTS,,,,,,,,,,,,,,,,,,,,,,,,,,,,,,,,,,,,,,,,,,,,,,,,
,armaa_leynos_torso,,,,1,1,,,,,,,,,,,,,,,,,,,,,,,,,SYSTEM,,,,,,,,,,,,,,,,,
,armaa_leynos_leftPauldron,,,,1,1,,,,,,,,,,,,,10,,,,,,,,,,,,SYSTEM,,,,,,,,,,,,,,,999,,
,armaa_leynos_rightPauldron,,,,1,1,,,,,,,,,,,,,10,,,,,,,,,,,,SYSTEM,,,,,,,,,,,,,,,999,,
AMWS,armaa_leynos_head,2,,,500,350,,,0,100,7,3,0.5,,ENERGY,,300,0.1,0.2,0.3,0.1,,,,,10000,,,,,"PD,SYSTEM,ANTI_FTR,PD_ALSO",,,,,Point Defense,,,,,,,,,,,,
,armaa_leynos_torso_comet,,,,1,1,,,,,,,,,,,,,,,,,,,,,,,,,SYSTEM,,,,,,,,,,,,,,,,,
,armaa_leynos_leftPauldron_comet,,,,1,1,,,,,,,,,,,,,10,,,,,,,,,,,,SYSTEM,,,,,,,,,,,,,,,999,,
,armaa_leynos_rightPauldron_comet,,,,1,1,,,,,,,,,,,,,10,,,,,,,,,,,,SYSTEM,,,,,,,,,,,,,,,999,,
AMWS,armaa_leynos_head_comet,2,,,500,350,,,0,100,7,3,0.5,,ENERGY,,300,0.1,0.1,0.3,0.1,,,,,10000,,,,,"PD,SYSTEM,ANTI_FTR,PD_ALSO",,,,,Point Defense,,,,,,,,,,,,
#HAZARD,,,,,,,,,,,,,,,,,,,,,,,,,,,,,,,,,,,,,,,,,,,,,,,,
,armaa_hazard_leftPauldron,,,,1,1,,,,,,,,,,,,,10,,,,,,,,,,,,SYSTEM,,,,,,,,,,,,,,,999,,
,armaa_hazard_rightPauldron,,,,1,1,,,,,,,,,,,,,10,,,,,,,,,,,,SYSTEM,,,,,,,,,,,,,,,999,,
,armaa_hazard_leftArm,,,,1,1,,,,,,,,,,,,,10,,,,,,,,,,,,SYSTEM,,,,,,,,,,,,,,,999,,
,armaa_hazard_rightArm,,,,1,1,,,,,,,,,,,,,10,,,,,,,,,,,,SYSTEM,,,,,,,,,,,,,,,999,,
,armaa_hazard_torso,2,,,,,,,,,,0,0.000001,9999,,,DS,,,,,,,,,,,,,,SYSTEM,,,,,,,,,,,,,,,,,
Mining Blaster,armaa_miningblaster_ftr,0,,1000,400,,200,,0,25,10,2,.20,,HIGH_EXPLOSIVE,300,,0,0.2,,,,,,,,1000,,,,"SYSTEM,USE_LESS_VS_SHIELDS",,,,,General,,,,,,,Each bolt deals an additional %s damage to armor. This damage is not reduced by armor.,100,,,,22.125
Pulverizer,armaa_hazard_drill_left,2,,1200,80,,500,,3,100,42,,,,HIGH_EXPLOSIVE,1,,0,0.15,10,0.2,0,0,0,0,,100,,,30,SYSTEM,,,Arma Armatura,,Pounding,,,,,,,,,,4.5,,
#PANTHER,,,,,,,,,,,,,,,,,,,,,,,,,,,,,,,,,,,,,,,,,,,,,,,,
,armaa_pantherLeftArm,,,,1,1,,,,,,,,,,,,,10,,,,,,,,,,,,SYSTEM,,,,,,,,,,,,,,,999,,
,armaa_panther_leftPauldron,,,,1,1,,,,,,,,,,,,,10,,,,,,,,,,,,SYSTEM,,,,,,,,,,,,,,,999,,
,armaa_panther_rightPauldron,,,,1,1,,,,,,,,,,,,,10,,,,,,,,,,,,SYSTEM,,,,,,,,,,,,,,,999,,
,armaa_panther_torso,2,,,,,,,,,,0,0.000001,9999,,,DS,,,,,,,,,,,,,,SYSTEM,,,,,,,,,,,,,,,,,
Variable Rifle,armaa_panther_variablerifle,,,,600,1,,,,,,,,,,,,,10,,,,,,,,,,,,SYSTEM,,,,,,,,,,,,,,,,,
Target Painter,armaa_pantherHead,,,,500,0,,,,80,4,,,,ENERGY,,,,,0.1,,0,,,,,1200,,,10,SYSTEM,,,,,Point Defense,,,,,,,,,,,,
,armaa_panther_missile_deco,,,,600,1,,,,,,,,,,,,,,,,,,,,,,,,,SYSTEM,,,,,Strike,,,,,"%s: Deals full damage immediately on contact, slightly pushing the user back.",The Sanctioned Action Is To Cut,,,TRUE,999,,
,armaa_shield_controller,,,,,,,,,,,,,,,,,,,,,,,,,,,,,,SYSTEM,,,,,,,,,,,,,,,999,,
#VALKEN,,,,,,,,,,,,,,,,,,,,,,,,,,,,,,,,,,,,,,,,,,,,,,,,
Vulcan Cannon,armaa_valkenHead,,,,250,,25,,,80,4,,,,FRAGMENTATION,1.3,,0,0.05,1,,0,12,1,20,,800,,,10,"PD_ONLY,SYSTEM",,,,,Point Defense,,,,,,,,,,,,
Light Assault Gun,armaa_valken_torso,0,,300,500,,40,,3,40,0,100,,,HIGH_EXPLOSIVE,32,,0.1,0.25,1,,0,5,1,5,,1000,,,30,SYSTEM,,,,,Anti Armor,,,,,,,,,,,,3
,armaa_valken_leftPauldron,,,,1,1,,,,,,,,,,,,,10,,,,,,,,,,,,SYSTEM,,,,,,,,,,,,,,,999,,
,armaa_valken_rightPauldron,,,,1,1,,,,,,,,,,,,,10,,,,,,,,,,,,SYSTEM,,,,,,,,,,,,,,,999,,
,armaa_valkenLeftArm,,,,1,1,,,,,,,,,,,,,10,,,,,,,,,,,,SYSTEM,,,,,,,,,,,,,,,999,,
IR Pulse Laser,armaa_laser,1,,250,500,,50,,0,50,5,,,,ENERGY,,,0.2,0.33,,,,,,,,900,,,,SYSTEM,,,,,General,,,,,,,,,,19.3,,
Vulcan Cannon,armaa_hazardHead,,,,300,,25,,,80,4,,,,FRAGMENTATION,1.3,,0,0.05,1,,0,12,1,20,,800,,,10,"PD_ONLY,SYSTEM,ANTI_FTR",,,,,Point Defense,,,,,,,,,,,,
Light Assault Gun,armaa_valken_torso_gunmetal,0,,300,700,,40,,3,40,0,400,,,HIGH_EXPLOSIVE,32,,0,0.25,1,,0,3,1,5,,800,,,30,"SYSTEM,DO_NOT_CONSERVE",,,,,Anti Armor,,,,,,,,,,,,3
,armaa_valken_leftPauldron_gunmetal,,,,1,1,,,,,,,,,,,,,10,,,,,,,,,,,,SYSTEM,,,,,,,,,,,,,,,999,,
,armaa_valken_rightPauldron_gunmetal,,,,1,1,,,,,,,,,,,,,10,,,,,,,,,,,,SYSTEM,,,,,,,,,,,,,,,999,,
Blitz Railgun,armaa_valken_gun,2,0.5,600,700,,50,50,10,60,7,400,,,KINETIC,55,,0.4,1.2,5,0.1,1,15,1,6,,800,,,50,"SYSTEM,PD_ALSO,ANTI_FTR",,,,,Anti Shield,,,,,,,,,,0.5,,
,armaa_valkenLeftArm_gunmetal,,,,1,1,,,,,,,,,,,,,10,,,,,,,,,,,,SYSTEM,,,,,,,,,,,,,,,999,,
Micro Missile Pod,armaa_valken_missile,5,,2250,1000,,80,0,10,0,10,,,,HIGH_EXPLOSIVE,,,0,8,5,0.13,,20,5,1,,550,400,10,25,"STRIKE, USE_VS_FRIGATES, DO_NOT_AIM, DO_NOT_CONSERVE, GROUP_LINKED, SYSTEM,ANTI_FTR,MISSILE_SPREAD",,,Arma Armatura,,Anti Fighter,,,,,,,,,,12.95,,
#VALKEN(P),,,,,,,,,,,,,,,,,,,,,,,,,,,,,,,,,,,,,,,,,,,,,,,,
Vulcan Cannon,armaa_valkenHead_black,,,,250,,25,,,80,4,,,,FRAGMENTATION,1.3,,0,0.05,1,,0,12,1,20,,800,,,10,"PD_ONLY,SYSTEM",,,,,Point Defense,,,,,,,,,,,,
Light Assault Gun,armaa_valken_torso_black,0,,300,500,,40,,3,40,0,100,,,HIGH_EXPLOSIVE,32,,0.1,0.25,1,,0,5,1,5,,1000,,,30,SYSTEM,,,,,Anti Armor,,,,,,,,,,,,3
,armaa_valken_leftPauldron_black,,,,1,1,,,,,,,,,,,,,10,,,,,,,,,,,,SYSTEM,,,,,,,,,,,,,,,999,,
,armaa_valken_rightPauldron_black,,,,1,1,,,,,,,,,,,,,10,,,,,,,,,,,,SYSTEM,,,,,,,,,,,,,,,999,,
,armaa_valkenLeftArm_black,,,,1,1,,,,,,,,,,,,,10,,,,,,,,,,,,SYSTEM,,,,,,,,,,,,,,,999,,
Anti Ship Sword,armaa_valken_gun_black,,,,30,300,,10,20,80,,,,,KINETIC,,,0.55,0.5,0.3,,,,,,700,,,,,SYSTEM,doNotModify,,Arma Armatura,,Anti Shield,,,,,"%s: Deals full damage immediately on contact, slightly pushing the user back. Inflicts hard flux.",The Sanctioned Action Is To Cut,,,,999,,
#VALKEN-X,,,,,,,,,,,,,,,,,,,,,,,,,,,,,,,,,,,,,,,,,,,,,,,,
,armaa_valkenx_torso,2,,,,,,,,,,0,0.000001,9999,,,DS,,,,,,,,,,,,,,SYSTEM,,,,,,,,,,,,,,,,,
,armaa_valkenx_torso_frig,2,,,,,,,,,,0,0.000001,9999,,,DS,,,,,,,,,,,,,,SYSTEM,,,,,,,,,,,,,,,,,
Target Painter,armaa_valkenxHead,,,,500,0,,,,80,4,,,,ENERGY,,,,,0.1,,0,,,,,1200,,,10,SYSTEM,,,,,Point Defense,,,,,,,,,,,,
IPD Laser,armaa_valkenxHead_frig,,,,500,75,,40,,80,4,,,,ENERGY,,40,0.1,0.1,,,0,,,,,2400,,,10,"SYSTEM,PD,PD_ALSO",,,,,Point Defense,,,,,,,,,,,,
,armaa_valkenxHeadGlow_frig,,,,1,1,,,,,,,,,,,,,10,,,,,,,,,,,,SYSTEM,,,,,,,,,,,,,,,999,,
,armaa_valkenx_leftPauldron,,,,1,1,,,,,,,,,,,,,10,,,,,,,,,,,,SYSTEM,,,,,,,,,,,,,,,999,,
,armaa_valkazard_machinegun_left_deco,,,,1,1,,,,,,,,,,,,,10,,,,,,,,,,,,SYSTEM,,,,,,,,,,,,,,,999,,
,armaa_valkenx_rightPauldron,,,,1,1,,,,,,,,,,,,,10,,,,,,,,,,,,SYSTEM,,,,,,,,,,,,,,,999,,
,armaa_valkenx_leftPauldron_frig,,,,1,1,,,,,,,,,,,,,10,,,,,,,,,,,,SYSTEM,,,,,,,,,,,,,,,999,,
,armaa_valkenx_rightPauldron_frig,,,,1,1,,,,,,,,,,,,,10,,,,,,,,,,,,SYSTEM,,,,,,,,,,,,,,,999,,
,armaa_valkenx_frig_leftArm,,,,1,1,,,,,,,,,,,,,10,,,,,,,,,,,,SYSTEM,,,,,,,,,,,,,,,999,,
Variable Rifle,armaa_valkenx_frig_variablerifle,,,,600,1,,,,,,,,,,,,,10,,,,,,,,,,,,SYSTEM,,,,,,,,,,,,,,,,,
Variable Rifle,armaa_valkenx_frig_ml_variablerifle,,,,600,1,,,,,,,,,,,,,10,,,,,,,,,,,,SYSTEM,,,,,,,,,,,,,,,,,
Assault Chaingun(F),armaa_chaingun,1,,,500,,30,,3,50,42,,,,HIGH_EXPLOSIVE,30,,0,0.6,3,.1,0,15,3,1,,1000,,,30,"SYSTEM,ANTI_FTR,PD,PD_ALSO",,,,,Anti Armor,,,,,,,,,,4.5,,
LS-20  Heat Blade,armaa_valkenxLeftArm,,,,80,350,,,20,80,,,,,HIGH_EXPLOSIVE,,,0.33,0.33,0.6,,,,,,4000,,,,,SYSTEM,doNotModify,,,,Anti Armor,,,,,"%s: Deals full damage immediately on contact, slightly pushing the user back. Inflicts hard flux. Once beam length is greater than %s of the base, damage gradually decreases.",The Sanctioned Action Is To Cut | 1.5x,,,,999,,
,,,,,,,,,,,,,,,,,,,,,,,,,,,,,,,,,,,,,,,,,,,,,,,,
#Valkazard,,,,,,,,,,,,,,,,,,,,,,,,,,,,,,,,,,,,,,,,,,,,,,,,
Autocannon,armaa_valkazard_torso_ac,1,,1000,800,,150,75,10,7,0,,,,KINETIC,150,,0,1.25,2,0.2,0,15.84,2.64,8.8,,888,,,30,SYSTEM,"no_drop, no_sell, no_drop_salvage",,Arma Armatura,,Anti Shield,,,,,,,"Hits on hull or armor arc to weapons and engines, dealing %s %s damage. These arcs are capable of piercing shields, depending on the target's flux level.",75|EMP,,,,5
Blunderbuss(Actual),armaa_blunderbuss,,,4500,500,,75,,4,20,0,,,,FRAGMENTATION,55,,1.05,1.6,8,0.1,0,15,1,6,,1200,,,70,"SYSTEM,PD_ALSO,PD","no_drop, no_sell, no_drop_salvage",,Arma Armatura,,Anti Hull,,,,,,,,,,,,
Counter Shield,armaa_valkazard_countershield_secondary,2,,2500,1800,,75,,10,15,0,25,3,15,ENERGY,192.5,,1,1,,0.1,5,20,2,9,,650,600,0.6,450,"SYSTEM,GUIDED_POOR","no_drop, no_sell, no_drop_salvage",,Arma Armatura,,Assault,,,,,"%s: Projectiles have some homing capability:  Can be intercepted by flares and PD, and be fired over friendly ships - but projectiles detonating over a friendly target will still damage it. In terms of enhancement bonuses, this weapon is considered a %s weapon.",Pseudomissile|PROJECTILE,,,TRUE,22.25,,
Counter Shield,armaa_valkazard_torso_shield,,,4500,600,,1,,4,20,0,0,0.00001,1,ENERGY,200,200,1,1,,,,,,,,700,,,70,SYSTEM,"no_drop, no_sell, no_drop_salvage",,Arma Armatura,,Special,,,,,,,,,,,,
Blunderbuss,armaa_valkazard_torso,2,,2500,500,,600,,0,90,0,5,0.35,,FRAGMENTATION,192,,0,0.1,9999,0.25,15,15,0.4,0.4,,600,,,,"PD,SYSTEM,ANTI_FTR,PD_ALSO","no_drop, no_sell, no_drop_salvage",,Arma Armatura,,Anti Fighter,,,,,Fires a blast of %s projectiles with a semi-random spread pattern in a wide cone.,15,,,FALSE,22.25,,
Boson Particle Cannon,armaa_valkazard_torso_boson,2,0.6,2250,600,,355,,0,20,0,40,,,ENERGY,432,,0.7,6,3,0.3,3,20,1,4,,1000,,,,"STRIKE, USE_VS_FRIGATES,SYSTEM,DANGEROUS","no_drop, no_sell, no_drop_salvage",,,,Strike,,,,,,,,,,,,22.75
High Intensity Beam,armaa_valkazard_torso_chaosburst,2,,2500,800,800,,,0,5,0,8,,,HIGH_EXPLOSIVE,,600,1.5,1,1.5,20,,,,,3000,,,,,"STRIKE, USE_VS_FRIGATES,SYSTEM,DANGEROUS","no_drop, no_sell, no_drop_salvage",,Arma Armatura,,Anti Armor,,,,,,,,,FALSE,22.25,,
High Intensity Minelayer,armaa_valkazard_torso_chaosburst_minelayer,0,,,,,200,,25,,,,,,FRAGMENTATION,0,,,,1,,,,,0,0,20,1000,,,SYSTEM,,,,,Unknown,,,,,,,,,,,,38.5
AMWS,armaa_valkazard_head,2,,600,500,350,,,0,100,0,3,0.5,,ENERGY,,300,0.1,0.1,0.15,0.05,,,,,10000,,,,,"PD,SYSTEM,ANTI_FTR,PD_ALSO","no_drop, no_sell, no_drop_salvage",,,,Point Defense,,,,,,,,,,,,
TB-11 Harpoon,armaa_valkazard_harpoon,1,0.25,5500,500,,350,,50,60,0,1,0.125,1,FRAGMENTATION,,,0.25,1,1,,5,10,1,5,,2000,,,,"STRIKE, USE_VS_FRIGATES,SYSTEM,CONSERVE_FOR_ANTI_ARMOR,CONSERVE_ALL","no_drop, no_sell, no_drop_salvage",,Arma Armatura,,EMP,,,,,"%s:Embedded harpoon will continously deal EMP damage, so long as it connects with hull.","Remote Detonation|50 High Explosive, 25 EMP",,,,,,
LS-99P MOONLIGHT+,armaa_valkazard_blade,,,,80,1000,,0,20,80,,,,,ENERGY,,600,0.33,0.33,0.6,,,,,,4000,,,,,"SYSTEM,DANGEROUS,FIRE_WHEN_INEFFICIENT,PD_ALSO,PD","no_drop, no_sell, no_drop_salvage, doNotModify",,Arma Armatura,,Strike,,,,,"%s: Deals full damage immediately on contact, slightly pushing the user back.",The Sanctioned Action Is To Cut,,,TRUE,999,,
,armaa_harpoonSecondary,1,,100,80,,50,25,50,10,,,,,HIGH_EXPLOSIVE,,,0,1,,,,,,,,300,100,5,300,SYSTEM,,,Arma Armatura,,,,,,,,,,,,,,
,armaa_valkazard_leftshoulder,,,,1,1,,,,,,,,,,,,,10,,,,,,,,,,,,SYSTEM,,,,,,,,,,,,,,,999,,
,armaa_valkazard_rightshoulder,,,,1,1,,,,,,,,,,,,,10,,,,,,,,,,,,SYSTEM,,,,,,,,,,,,,,,999,,
,armaa_valkazard_head_glow,,,,1,1,,,,,,,,,,,,,10,,,,,,,,,,,,SYSTEM,,,,,,,,,,,,,,,999,,
MAG47 MG,armaa_valkazard_machinegun_left,2,,1200,450,,25,,3,30,0,54,8,32,KINETIC,17,,0,0.1,3,0.1,0,15,0.6,8,,700,,,30,"SYSTEM,PD,PD_ALSO,DO_NOT_CONSERVE",,,Arma Armatura,,Point Defense/Anti Shield,,,,,,,,,,4.5,,
MAG47 MG,armaa_valkazard_machinegun_right,2,,1200,450,,25,,3,30,0,54,8,32,KINETIC,17,,0,0.1,3,0.1,0,15,0.6,8,,700,,,30,"SYSTEM,PD,PD_ALSO,DO_NOT_CONSERVE",,,Arma Armatura,,Point Defense/Anti Shield,,,,,,,,,,4.5,,
Assault Chaingun(F),armaa_valkazard_chaingun,1,,1000,450,,50,,3,30,0,,,,HIGH_EXPLOSIVE,40,,0,0.1,,,0,20,1,10,,800,,,30,SYSTEM,,,,,Anti Armor,,,,,,,,,,4.5,,
SPLTR-25X Shotgun,armaa_valkazard_shotgun_right,2,,2500,500,,80,,0,60,0,15,6,15,ENERGY,80,,0,0.6,,,3,25,0.6,4,,1200,,,,SYSTEM,"no_drop, no_sell, no_drop_salvage",,Arma Armatura,,General,,,,,Fires a blast of %s projectiles with a semi-random spread pattern in a relatively tight cone.,5,,,FALSE,22.25,,
SPLTR-25X Shotgun,armaa_valkazard_shotgun_left,2,,2500,500,,80,,0,60,0,15,6,15,ENERGY,80,,0,0.6,,,3,25,0.6,2,,1200,,,,SYSTEM,"no_drop, no_sell, no_drop_salvage",,Arma Armatura,,General,,,,,Fires a blast of %s projectiles with a semi-random spread pattern in a relatively tight cone.,5,,,FALSE,22.25,,
RCL-48 Recoilless Rifle,armaa_valkazard_rcl,1,0.5,5000,800,,400,,10,15,0,,,,HIGH_EXPLOSIVE,532,,0,2.3,,,0,,,,,600,,,30,"SYSTEM,STRIKE,USE_VS_FRIGATES",,,Arma Armatura,,Anti Armor,,,,,,,,,,,,
RCL-48 Recoilless Rifle,armaa_valkazard_rcl_left,1,0.5,5000,800,,400,,10,15,0,,,,HIGH_EXPLOSIVE,532,,0,2.3,,,0,,,,,600,,,30,"SYSTEM,STRIKE,USE_VS_FRIGATES",,,Arma Armatura,,Anti Armor,,,,,,,,,,,,
Pulse Laser,armaa_valkazard_pulse_rifle_left,2,,1200,600,,70,,1,20,0,,,,ENERGY,60,,0,0.22,,,,,,,,1000,,,30,"SYSTEM,PD,PD_ALSO",,,,,General,,,,,,,,,,4.5,,
Pulse Laser,armaa_valkazard_pulse_rifle_right,2,,1000,600,,70,,1,20,0,,,,ENERGY,60,,,0.22,,,,,,,,1000,,,30,"SYSTEM,PD,PD_ALSO",,,,,General,,,,,,,,,,4.5,,
IPD Laser,armaa_valkazard_head_mp,,,,500,75,,40,,80,4,,,,ENERGY,,40,0.1,0.1,,,0,,,,,2400,,,10,"SYSTEM,PD,PD_ALSO",,,,,Point Defense,,,,,,,,,,,,
,armaa_valkazard_torso_mp,2,,,,,,,,,,0,0.000001,9999,,,,,,,,,,,,,,,,,SYSTEM,,,,,,,,,,,,,,,,,
,,,,,,,,,,,,,,,,,,,,,,,,,,,,,,,,,,,,,,,,,,,,,,,,
#KOUTO,,,,,,,,,,,,,,,,,,,,,,,,,,,,,,,,,,,,,,,,,,,,,,,,
AMWS,armaa_kouto_head,2,,600,400,350,,,0,100,7,1,0.5,,ENERGY,,300,0.1,0.1,0.3,0.1,,,,,10000,,,,,"PD,SYSTEM,ANTI_FTR,IGNORES_FLARES",,,,,Point Defense,,,,,,,,,,,,
Karma Seekers,armaa_kouto_torso,5,,2250,1000,,80,200,10,0,10,,,,KINETIC,,,0,40,2,0.13,,20,5,1,,550,400,10,25,"STRIKE, USE_VS_FRIGATES, DO_NOT_AIM, DO_NOT_CONSERVE, GROUP_LINKED, SYSTEM,ANTI_FTR",,,,,,Fast,Good,Great,Great,,,,,,12.95,,
M3 Pod,armaa_kouto_torso_frig,5,,2250,1000,,160,,10,0,10,,,,HIGH_EXPLOSIVE,,,0,8,10,0.05,,20,5,1,,400,400,10,25,"USE_VS_FRIGATES, DO_NOT_AIM, DO_NOT_CONSERVE, GROUP_LINKED, SYSTEM,ANTI_FTR",,,Arma Armatura,,Anti Fighter,,,,,,,,,,12.95,,
,armaa_kouto_radardish,5,,2250,1000,,80,0,10,0,10,,,,KINETIC,,,0,40,2,0.13,,20,5,1,,550,400,10,25,"DO_NOT_AIM, DO_NOT_CONSERVE, GROUP_LINKED, SYSTEM,ANTI_FTR",,,,,,Fast,Good,Great,Great,,,,,,12.95,,
,armaa_kouto_leftPauldron,,,,600,1,,,,,,,,,,,,,10,,,,,,,,,,,,SYSTEM,,,,,,,,,,,,,,,999,,
,armaa_kouto_rightPauldron,,,,600,1,,,,,,,,,,,,,10,,,,,,,,,,,,SYSTEM,,,,,,,,,,,,,,,999,,
Variable Rifle,armaa_kouto_variablerifle,,,,600,1,,,,,,,,,,,,,10,,,,,,,,,,,,SYSTEM,,,,,,,,,,,,,,,,,
SCTR-20 Minigun,armaa_kouto_minigun_right,2,,1000,500,,30,,5,20,,10,7.5,10,KINETIC,,,0.25,0.25,9999,0.08,1,15,1,8,,1000,,,30,"SYSTEM,FIRE_WHEN_INEFFICIENT",,,Arma Armatura,,Anti Hull,,,,,"Projectiles break into submunitions on contact, causing %s extra HE damage on hits to armor or hull.",0-10,,,FALSE,4.5,,
SCTR-20 Minigun,armaa_kouto_minigun_left,2,,1000,600,,45,,5,30,,150,,,FRAGMENTATION,,,,,9999,0.12,1,15,1,6,,1000,,,30,"SYSTEM,PD_ALSO,PD,FIRE_WHEN_INEFFICIENT",,,Arma Armatura,,Anti Hull,,,,,"Projectiles break into submunitions on contact, causing %s extra HE damage on hits to armor or hull.",0-10,,,FALSE,4.5,,
BS-13 Energen Bazooka,armaa_koutoBazooka,2,,1350,700,,200,,0,20,0,,,,ENERGY,,,,3.3,1,0.15,5,30,5,1,,300,300,1.5,150,SYSTEM,"no_drop, no_sell, no_drop_salvage",,Arma Armatura,,Strike,,,,,,,,,,19,,
,armaa_kouto_left_arm,,,,600,1,,,,,,,,,,,,,10,3,0.15,5,20,5,3,,,,,,SYSTEM,,,,,,,,,,,,,,,999,,
#ILORIN,,,,,,,,,,,,,,,,,,,,,,,,,,,,,,,,,,,,,,,,,,,,,,,,
RCL-48 R. Rifle,armaa_ilorin_torso,1,0.5,5000,650,,350,,20,45,0,6,,,HIGH_EXPLOSIVE,,,0,2,2,0.5,0,,,,,600,,,30,"SYSTEM,STRIKE,USE_VS_FRIGATES,DIRECT_AIM",,,Arma Armatura,,Anti Armor,,,,,,,,,,,,
,,,,,,,,,,,,,,,,,,,,,,,,,,,,,,,,,,,,,,,,,,,,,,,,
Overclocked Juno Mk. III (Ftr),armaa_fluxcannon_ftr,2,,4600,1369,900,,,20,10,16,2,,,KINETIC,,,1.5,0.3,1.5,1,,,,,7000,,,,,"STRIKE, USE_VS_FRIGATES,SYSTEM",,,Arma Armatura,,Fire Support,,,,,,,,,,15.6,,
Rangefinder,armaa_rangefinder,0,,0,600,0,,0,0,1000,0,10,,,ENERGY,,0,0,0,10,0.15,0,0,0,0,,10000,,,,SYSTEM,,,,,,,,,,,,,,,,,
,,,,,,,,,,,,,,,,,,,,,,,,,,,,,,,,,,,,,,,,,,,,,,,,
#ALESTE,,,,,,,,,,,,,,,,,,,,,,,,,,,,,,,,,,,,,,,,,,,,,,,,
,armaa_alesteHeadGlow,,,,1,1,,,,,,,,,,,,,10,,,,,,,,,,,,SYSTEM,"no_drop, no_sell, no_drop_salvage",,,,,,,,,,,,,,999,,
,armaa_aleste_torso_ace,,,,500,1,,,,,,,,,,,,,10,,,,,,,,,,,,SYSTEM,"no_drop, no_sell, no_drop_salvage",,,,,,,,,,,,,,999,,
,armaa_aleste_torso_ace_s,,,,500,1,,,,,,,,,,,,,10,,,,,,,,,,,,SYSTEM,"no_drop, no_sell, no_drop_salvage",,,,,,,,,,,,,,999,,
,armaa_aleste_torso,,,,1,1,,,,,,,,,,,,,10,,,,,,,,,,,,SYSTEM,"no_drop, no_sell, no_drop_salvage",,,,,,,,,,,,,,999,,
Micro Needler,armaa_alesteHead,3,0.3,800,650,,50,,1,20,,,,,KINETIC,40,,,4,10,0.05,0,15,0.66,5,,1000,,,10,SYSTEM,"no_drop, no_sell, no_drop_salvage",,,,Anti Shield,,,,,,,,,,,,
Micro Needler,armaa_alesteHead_s,3,0.3,800,650,,50,,1,20,,,,,KINETIC,40,,,4,10,0.05,0,15,0.66,5,,1000,,,10,SYSTEM,"no_drop, no_sell, no_drop_salvage",,,,Anti Shield,,,,,,,,,,,,
Micro Needler,armaa_alesteHead2,3,0.3,800,400,,50,,1,20,,,,,KINETIC,40,,,4,3,0.05,0,15,0.66,5,,1000,,,10,SYSTEM,"no_drop, no_sell, no_drop_salvage",,,,Anti Shield,,,,,,,,,,,,
,armaa_aleste_leftPauldron,,,,1,1,,,,,,,,,,,,,10,,,,,,,,,,,,SYSTEM,"no_drop, no_sell, no_drop_salvage",,,,,,,,,,,,,,999,,
,armaa_aleste_rightPauldron,,,,1,1,,,,,,,,,,,,,10,,,,,,,,,,,,SYSTEM,"no_drop, no_sell, no_drop_salvage",,,,,,,,,,,,,,999,,
,armaa_aleste_leftPauldron_s,,,,1,1,,,,,,,,,,,,,10,,,,,,,,,,,,SYSTEM,"no_drop, no_sell, no_drop_salvage",,,,,,,,,,,,,,999,,
,armaa_aleste_rightPauldron_s,,,,1,1,,,,,,,,,,,,,10,,,,,,,,,,,,SYSTEM,"no_drop, no_sell, no_drop_salvage",,,,,,,,,,,,,,999,,
Stake Driver,armaa_alesteLeftArm,1,0.25,5500,500,,200,,50,60,0,20,,,FRAGMENTATION,100,,0.25,4,5,0.2,5,10,1,5,,2000,,,,"STRIKE, USE_VS_FRIGATES,SYSTEM","no_drop, no_sell, no_drop_salvage",,Arma Armatura,,Finisher,,,,,"%s:Embedded spikes detonate for %s damage, with arcing to weapons and engines. Can fire up to 6 spikes in a burst.","Remote Detonation|50 High Explosive, 250 EMP",,,,,,
Pilebunker,armaa_alestePilebunkerLeft,1,0.25,5500,30,,550,,100,100,0,,,,HIGH_EXPLOSIVE,,,0.20,4,2,,,,,,,500,,,,"STRIKE, USE_VS_FRIGATES,SYSTEM,DANGEROUS,CONSERVE_FOR_ANTI_ARMOR,CONSERVE_ALL","no_drop, no_sell, no_drop_salvage",,Arma Armatura,,Finisher,,,,,"%s:Embedded spikes detonate for %s damage, with arcing to weapons and engines. Can fire up to 6 spikes in a burst.","Remote Detonation|50 High Explosive, 250 EMP",,,,,,
Pilebunker,armaa_alestePilebunkerLeft_s,1,0.25,5500,30,,550,,100,100,0,,,,HIGH_EXPLOSIVE,,,0.20,4,2,,,,,,,500,,,,"STRIKE, USE_VS_FRIGATES,SYSTEM,DANGEROUS,CONSERVE_FOR_ANTI_ARMOR,CONSERVE_ALL","no_drop, no_sell, no_drop_salvage",,Arma Armatura,,Finisher,,,,,"%s:Embedded spikes detonate for %s damage, with arcing to weapons and engines. Can fire up to 6 spikes in a burst.","Remote Detonation|50 High Explosive, 250 EMP",,,,,,
TB-5A Harpoon,armaa_aleste_harpoon,1,0.25,5500,500,,100,300,50,60,0,1,0.125,1,ENERGY,,,0.25,1,1,,5,10,1,5,,2000,,,,"STRIKE, USE_VS_FRIGATES,SYSTEM,CONSERVE_FOR_ANTI_ARMOR,CONSERVE_ALL","no_drop, no_sell, no_drop_salvage",,Arma Armatura,,EMP,,,,,"%s:Embedded harpoon will continously deal EMP damage, so long as it connects with hull.","Remote Detonation|50 High Explosive, 25 EMP",,,,,,
LS-99 MOONLIGHT,armaa_aleste_blade_LeftArm,,,,80,900,,,20,80,,,,,ENERGY,,1,0.33,0.33,0.6,,,,,,4000,,,,,"SYSTEM,DANGEROUS,FIRE_WHEN_INEFFICIENT,DO_NOT_AIM,PD_ALSO","no_drop, no_sell, no_drop_salvage, doNotModify",,Arma Armatura,,Strike,,,,,"%s: Deals full damage immediately on contact, slightly pushing the user back.",The Sanctioned Action Is To Cut,,,TRUE,999,,
LS-99 MOONLIGHT,armaa_aleste_blade_LeftArm_s,,,,80,900,,,20,80,,,,,ENERGY,,1,0.33,0.33,0.6,,,,,,4000,,,,,"SYSTEM,DANGEROUS,FIRE_WHEN_INEFFICIENT,DO_NOT_AIM,PD_ALSO","no_drop, no_sell, no_drop_salvage, doNotModify",,Arma Armatura,,Strike,,,,,"%s: Deals full damage immediately on contact, slightly pushing the user back.",The Sanctioned Action Is To Cut,,,TRUE,999,,
LS-99 MOONLIGHT,armaa_aleste_blade_RightArm,,,,80,900,,,20,80,,,,,ENERGY,,1,0.33,0.33,0.6,,,,,,5000,,,,,"SYSTEM,DANGEROUS,FIRE_WHEN_INEFFICIENT","no_drop, no_sell, no_drop_salvage, doNotModify",,Arma Armatura,,Strike,,,,,"%s: Deals full damage immediately on contact, slightly pushing the user back.",The Sanctioned Action Is To Cut,,,TRUE,999,,
Heavy Rynex Pulse Laser,armaa_aleste_heavyrifle_right,2,,2500,900,,700,,0,15,0,20,,,ENERGY,840,,,5,,,,,,,,1400,,,,SYSTEM,"no_drop, no_sell, no_drop_salvage",,Arma Armatura,,General,,,,,,,,,,22.25,,
Rynex Pulse Rifle,armaa_aleste_rightArm,1,,1000,600,,125,,3,40,0,,,,ENERGY,100,,0.22,0.22,1,,0,5,1,10,,1100,,,30,"SYSTEM,PD,PD_ALSO","no_drop, no_sell, no_drop_salvage",,Arma Armatura,,General,,,,,,,,,,4.5,,
Plasma Flamer,armaa_aleste_flamer_right,3,,1000,450,,45,,3,60,0,200,10,100,ENERGY,25,,,,2,0.05,0,0,0,0,,500,,,,SYSTEM,"no_drop, no_sell, no_drop_salvage",,Arma Armatura,,General,,,,,,,,,,,,
Rynex Pulse Rifle,armaa_aleste_rifle_left,1,,1000,600,,125,,3,40,0,,,,ENERGY,100,,0.22,0.22,1,,0,5,1,10,,1100,,,30,"SYSTEM,PD,PD_ALSO","no_drop, no_sell, no_drop_salvage",,Arma Armatura,,General,,,,,,,,,,4.5,,
Dispersal Grenade,armaa_aleste_grenade_left,2,,2500,600,,200,,5,40,0,50,,,HIGH_EXPLOSIVE,120,,0,4,6,0.15,0,10,5,9,,,550,4,181.5,"SYSTEM,DIRECT_AIM",,,Arma Armatura,,Assault,Slow,Poor,,,,,,,FALSE,22.25,,
Variable Rifle,armaa_aleste_variablerifle,,,,600,1,,,,,,,,,,,,,10,,,,,,,,,,,,SYSTEM,,,,,,,,,,,,,,,,,
Variable Rifle,armaa_aleste_variablerifle_s,,,,600,1,,,,,,,,,,,,,10,,,,,,,,,,,,SYSTEM,,,,,,,,,,,,,,,,,
,armaa_pikeSecondary,1,,100,100,,50,25,50,10,,,,,HIGH_EXPLOSIVE,,,0,1,,,,,,,,300,100,5,300,SYSTEM,,,Arma Armatura,,,,,,,,,,,,,,
Rynex Laser Rifle,armaa_pila_rynex,1,,1000,600,,100,,3,30,75,,,,ENERGY,,,0.25,0.25,1,,0,0,0,0,,1500,,,30,SYSTEM,,,,,Anti Armor,,,,,,,,,,4.5,,
,,,,,,,,,,,,,,,,,,,,,,,,,,,,,,,,,,,,,,,,,,,,,,,,
Curvy Laser (Proj),armaa_aleste_flamer_right_copy,3,,1000,1250,,50,60,3,60,0,30,8,80,ENERGY,25,,,0.05,2,0.05,0,0,0,0,,600,400,,10,SYSTEM,,,Arma Armatura,,General,,,,,,,,,,,,
,,,,,,,,,,,,,,,,,,,,,,,,,,,,,,,,,,,,,,,,,,,,,,,,
#Prodromos,,,,,,,,,,,,,,,,,,,,,,,,,,,,,,,,,,,,,,,,,,,,,,,,
,armaa_prodromos_torso,,,,500,1,,,,,,,,,,,,,10,,,,,,,,,,,,SYSTEM,,,,,,,,,,,,,,,999,,
Micro Autocannon,armaa_prodromos_leftArm,2,0.5,3200,400,,60,10,5,35,0,,,,FRAGMENTATION,,,,0.5,4,0.13,2,12,2,5,,1000,,,100,"SYSTEM,PD,PD_ALSO,IGNORES_FLARES",,,Arma Armatura,,General,,,,,,,,,,1.4,,
Burst Frag Laser (High Delay),armaa_prodromos_rightArm,2,,600,500,410,,,0,100,7,2,0.5,,FRAGMENTATION,,205,0.1,0.1,0.8,0.1,,,,,10000,,,,,"SYSTEM,PD_ONLY,ANTI_FTR,IGNORES_FLARES",,"PD,ANTI_FTR,SYSTEM",Arma Armatura,,Point Defense,,,,,,,,,,,,19.7
Micro Ion Cannon,armaa_pa_mid_leftArm,2,0.5,3200,400,,10,100,0,35,0,,,,ENERGY,,,0.8,0.5,2,0.13,2,5,1,5,,1000,,,100,SYSTEM,,,Arma Armatura,,General,,,,,,,,,,1.4,,
LS-10 Laser Dagger,armaa_pa_mid_rightArm,2,,600,25,200,,,0,100,7,,,,ENERGY,,,0.33,0.33,0.6,0.1,,,,,10000,,,,,"SYSTEM,IGNORES_FLARES",doNotModify,"PD,ANTI_FTR,SYSTEM",Arma Armatura,,Point Defense,,,,,,,,,,,,19.7
Burst Frag Laser (High Delay),armaa_pa_mid_head,2,,600,500,410,,,0,100,7,2,0.5,,FRAGMENTATION,,205,0.1,0.1,0.8,0.1,,,,,10000,,,,,"SYSTEM,PD_ONLY,ANTI_FTR,IGNORES_FLARES",,"PD,ANTI_FTR,SYSTEM",Arma Armatura,,Point Defense,,,,,,,,,,,,19.7
Seeker Flare Launcher,armaa_flarelauncher3,,,,500,,10,400,,,,,0,,ENERGY,0,0,0,0.1,1,0.4,90,90,0,0,,400,200,7,1,,,SYSTEM,,,,,,,,,,,,,,,38
Decoy Flare Launcher,armaa_flarelauncher2,,,,500,,10,350,,,,,0,,ENERGY,0,0,0,AA,2,0.4,30,30,0,0,,200,100,5,500,,,SYSTEM,,,,,,,,,,,,,,,37
,,,,,,,,,,,,,,,,,,,,,,,,,,,,,,,,,,,,,,,,,,,,,,,,
#ALTAGRAVE,,,,,,,,,,,,,,3.2,,,,,,,,,,,,,,,,,,,,,,,,,,,,,,,,,,
Vajra,armaa_altagrave_rightArm,2,,2500,600,,175,,10,15,0,25,3,15,ENERGY,140,,0,0.15,,0.1,5,20,2,9,,725,800,0.6,450,"SYSTEM,GUIDED_POOR",,,Arma Armatura,,Assault,,,,,"%s: Projectiles have some homing capability:  Can be intercepted by flares and PD, and be fired over friendly ships - but projectiles detonating over a friendly target will still damage it. In terms of enhancement bonuses, this weapon is considered a %s weapon.",Pseudomissile|PROJECTILE,,,FALSE,22.25,,
AMWS,armaa_altagrave_head,,,600,600,400,,,0,100,7,5,0.5,,ENERGY,,300,0.1,0.1,0.3,0.1,,,,,1000000,,,,,"PD,SYSTEM,ANTI_FTR,IGNORES_FLARES",,,,,Point Defense,,,,,,,,,,,,
AMWS-C,armaa_altagrave_head_c,,,600,600,400,,,0,100,7,5,0.5,,ENERGY,,300,0.1,0.1,0.3,0.1,,,,,1000000,,,,,"PD,SYSTEM,ANTI_FTR,IGNORES_FLARES",,,,,Point Defense,,,,,,,,,,,,
AMWS-EX,armaa_altagrave_head_ex,,,600,600,400,,,0,100,7,5,0.5,,ENERGY,,300,0.1,0.1,0.3,0.1,,,,,1000000,,,,,"PD,SYSTEM,ANTI_FTR,IGNORES_FLARES",,,,,Point Defense,,,,,,,,,,,,
Exceliza Grenade Launcher,armaa_altagrave_exceliza,2,,2500,600,,500,,40,15,0,,,,HIGH_EXPLOSIVE,500,,0,5,2,0.3,5,15,2,9,,,550,4,181.5,"SYSTEM,DIRECT_AIM",,,Arma Armatura,,Assault,Slow,Poor,,,,,,,FALSE,22.25,,
Styx Shotgun,armaa_altagrave_shotgun,2,,1600,600,,1750,,4,15,12,1,0.6,1,HIGH_EXPLOSIVE,1175,,0.3,1.5,,,15,15,0,0,,1200,,,,SYSTEM,,,Arma Armatura,,Strike,,,,,Fires a blast of %s projectiles with a semi-random spread pattern in a relatively tight cone.,35,,,TRUE,15135,,
ER PPC,armaa_altagrave_ppc,2,,2500,800,,3000,600,0,10,0,,,,FRAGMENTATION,1375,,0.8,10,,,,,,,,750,,,100,"SYSTEM,STRIKE, USE_VS_FRIGATES",,,Arma Armatura,,General,,,,,,,,,,22.25,,
Syrinx MRM,armaa_altagrave_syrinx,5,,5500,1500,,275,0,10,15,42,144,,,HIGH_EXPLOSIVE,55,,,10,8,0.12,,,,,,400,70,5,100,"STRIKE, USE_VS_FRIGATES, DO_NOT_AIM,GROUP_LINKED, SYSTEM",,,Arma Armatura,,Pressure,,,,,,,,,,12.95,,
Syrinx MRM,armaa_altagrave_syrinx_left,5,,5500,1500,,275,0,10,15,42,144,,,HIGH_EXPLOSIVE,55,,,10,8,0.12,,,,,,400,70,5,100,"STRIKE, USE_VS_FRIGATES, DO_NOT_AIM,GROUP_LINKED, SYSTEM",,,Arma Armatura,,Pressure,,,,,,,,,,12.95,,
Degraded Juno Mk. III,armaa_altagrave_fluxcannon,2,,4600,800,850,,,20,20,16,,,,KINETIC,,450,1.5,0.5,1.5,8,,,,,7000,,,,,"STRIKE, USE_VS_FRIGATES,SYSTEM",,,Arma Armatura,,Fire Support,,,,,,,,,,15.6,,
LS-99 MOONLIGHT++,armaa_altagrave_blade,,,,250,1000,,200,20,80,,,,,ENERGY,,,0.35,0.35,0.6,0.2,,,,,700,,,,,SYSTEM,"no_drop, no_sell, no_drop_salvage, doNotModify",,Arma Armatura,,Strike,,,,,"%s: Deals full damage immediately on contact, slightly pushing the user back.",The Sanctioned Action Is To Cut,,,TRUE,999,,
#ALTAGRAVE DECO,,,,,,,,,,,,,,,,,,,,,,,,,,,,,,,,,,,,,,,,,,,,,,,,
,armaa_altagrave_rightPauldron,,,,,,,,,,,,,,,,,,,,,,,,,,,,,,SYSTEM,,,,,,,,,,,,,,,999,,
,armaa_altagrave_leftPauldron,,,,,,,,,,,,,,,,,,,,,,,,,,,,,,SYSTEM,,,,,,,,,,,,,,,999,,
,armaa_altagrave_rightPauldron_ex,,,,,,,,,,,,,,,,,,,,,,,,,,,,,,SYSTEM,,,,,,,,,,,,,,,999,,
,armaa_altagrave_leftPauldron_ex,,,,,,,,,,,,,,,,,,,,,,,,,,,,,,SYSTEM,,,,,,,,,,,,,,,999,,
,armaa_altagrave_leftArm,,,,,,,,,,,,,,,,,,,,,,,,,,,,,,SYSTEM,,,,,,,,,,,,,,,999,,
,armaa_altagrave_head_glow,,,,,,,,,,,,,,,,,,,,,,,,,,,,,,SYSTEM,,,,,,,,,,,,,,,999,,
,armaa_altagrave_head_glow_c,,,,,,,,,,,,,,,,,,,,,,,,,,,,,,SYSTEM,,,,,,,,,,,,,,,999,,
,armaa_altagrave_head_glow_ex,,,,,,,,,,,,,,,,,,,,,,,,,,,,,,SYSTEM,,,,,,,,,,,,,,,999,,
,armaa_altagrave_cover,,,,,,,,,,,,,,,,,,,,,,,,,,,,,,SYSTEM,,,,,,,,,,,,,,,999,,
,armaa_altagrave_cover_ex,,,,,,,,,,,,,,,,,,,,,,,,,,,,,,SYSTEM,,,,,,,,,,,,,,,999,,
,armaa_kshatriya_rightPauldron,,,,,,,,,,,,,,,,,,,,,,,,,,,,,,SYSTEM,,,,,,,,,,,,,,,999,,
,armaa_kshatriya_leftPauldron,,,,,,,,,,,,,,,,,,,,,,,,,,,,,,SYSTEM,,,,,,,,,,,,,,,999,,
ION-K,armaa_kshatriya_head,,,600,1000,100,,400,20,30,99,,,,ENERGY,,150,0.3,0.3,,,,,,,1000,,,,,"PD_ALSO,SYSTEM,ANTI_FTR,IGNORES_FLARES,FIRE_WHEN_INEFFICIENT",,,,,Point Defense,,,,,,,,,,,,
Rynex-L,armaa_bit_kshatriya_beam,1,,1000,400,,75,25,3,40,0,,,,ENERGY,55,,,0.3,1,,0,0,0,0,,1100,,,30,"SYSTEM,PD,PD_ALSO","no_drop, no_sell, no_drop_salvage",,Arma Armatura,,General,,,,,,,,,,4.5,,
High Intensity Beam,armaa_kshatriya_torso_chaosburst,2,,2500,1000,500,,,0,5,0,,,,ENERGY,,500,1.5,1,1.5,15,,,,,3000,,,,,"STRIKE, USE_VS_FRIGATES,SYSTEM,DANGEROUS","no_drop, no_sell, no_drop_salvage",,Arma Armatura,,Anti Armor,,,,,,,,,FALSE,22.25,,
,armaa_kshatriya_leftArm,,,,600,1,,,,,,,,,,,,,10,,,,,,,,,,,,SYSTEM,,,,,Strike,,,,,"%s: Deals full damage immediately on contact, slightly pushing the user back.",The Sanctioned Action Is To Cut,,,TRUE,999,,
,armaa_kshatriya_rightArm_deco,,,,600,1,,,,,,,,,,,,,10,,,,,,,,,,,,SYSTEM,,,,,Strike,,,,,"%s: Deals full damage immediately on contact, slightly pushing the user back.",The Sanctioned Action Is To Cut,,,TRUE,999,,
Power Axe,armaa_kshatriya_rightArm_melee,2,,600,150,,350,,100,20,99,20,10,20,HIGH_EXPLOSIVE,,,0.2,.8,10,.05,,,,,,700,,,,"SYSTEM,IGNORES_FLARES",doNotModify,"PD_ALSO,ANTI_FTR,SYSTEM",Arma Armatura,,Strike,,,,,Deals damage in arc. Replenishes a small amount of Hull and Armor when striking exposed Hull.,Vampirism,,,,,,19.7
,armaa_zanac_rightPauldron_grey,,,,,,,,,,,,,,,,,,,,,,,,,,,,,,SYSTEM,,,,,,,,,,,,,,,999,,
,armaa_zanac_leftPauldron_grey,,,,,,,,,,,,,,,,,,,,,,,,,,,,,,SYSTEM,,,,,,,,,,,,,,,999,,
,armaa_zanac_rightPauldron,,,,,,,,,,,,,,,,,,,,,,,,,,,,,,SYSTEM,,,,,,,,,,,,,,,999,,
,armaa_zanac_leftPauldron,,,,,,,,,,,,,,,,,,,,,,,,,,,,,,SYSTEM,,,,,,,,,,,,,,,999,,
AMWS-ZAN,armaa_zanac_head,,,600,600,200,,,40,50,99,,,,ENERGY,,100,0.3,0.1,,,,,,,1000000,,,,,"PD_ONLY,SYSTEM,ANTI_FTR,IGNORES_FLARES",,,,,Point Defense,,,,,,,,,,,,
AMWS-ZAN,armaa_zanac_head_grey,,,600,600,200,,,40,50,99,,,,ENERGY,,100,0.3,0.1,,,,,,,1000000,,,,,"PD_ONLY,SYSTEM,ANTI_FTR,IGNORES_FLARES",,,,,Point Defense,,,,,,,,,,,,
,armaa_zanac_lights,,,,,,,,,,,,,,,,,,,,,,,,,,,,,,SYSTEM,,,,,,,,,,,,,,,999,,
AMWS-T,armaa_zanac_head_ex,,,600,800,400,,,20,50,99,,,,ENERGY,,150,0.3,0.3,1,0.1,,,,,1000000,,,,,"PD,SYSTEM,ANTI_FTR,IGNORES_FLARES",,,,,Point Defense,,,,,,,,,,,,
,armaa_zanac_leftArm,,,,600,1,,,,,,,,,,,,,,,,,,,,,,,,,SYSTEM,,,,,Strike,,,,,"%s: Deals full damage immediately on contact, slightly pushing the user back.",The Sanctioned Action Is To Cut,,,TRUE,999,,
,armaa_zanac_rightArm_deco,,,,600,1,,,,,,,,,,,,,,,,,,,,,,,,,SYSTEM,,,,,Strike,,,,,"%s: Deals full damage immediately on contact, slightly pushing the user back.",The Sanctioned Action Is To Cut,,,TRUE,999,,
,armaa_zanac_leftArm_grey,,,,600,1,,,,,,,,,,,,,,,,,,,,,,,,,SYSTEM,,,,,Strike,,,,,"%s: Deals full damage immediately on contact, slightly pushing the user back.",The Sanctioned Action Is To Cut,,,TRUE,999,,
,armaa_zanac_rightArm_grey_deco,,,,600,1,,,,,,,,,,,,,,,,,,,,,,,,,SYSTEM,,,,,Strike,,,,,"%s: Deals full damage immediately on contact, slightly pushing the user back.",The Sanctioned Action Is To Cut,,,TRUE,999,,
Magna Beam,armaa_zanac_rightArm,,,,1000,1150,,0,100,10,,,,,ENERGY,,800,1.8,1,1.6,3,,,,,3000,,,,,SYSTEM,"no_drop, no_sell, no_drop_salvage",,Arma Armatura,,Strike,,,,,,,,,,999,,
High Intensity Minelayer,armaa_magnabeam_minelayer,0,,,,,100,,25,,,,,,HIGH_EXPLOSIVE,0,,,,1,,,,,0,0,20,1000,,,SYSTEM,,,,,Unknown,,,,,,,,,,,,38.5
#GAREGGA,,,,,,,,,,,,,,,,,,,,,,,,,,,,,,,,,,,,,,,,,,,,,,,,
,armaa_garegga_rightPauldron,,,,,,,,,,,,,,,,,,,,,,,,,,,,,,SYSTEM,,,,,,,,,,,,,,,999,,
,armaa_garegga_leftPauldron,,,,,,,,,,,,,,,,,,,,,,,,,,,,,,SYSTEM,,,,,,,,,,,,,,,999,,
Mutilator-K,armaa_garegga_leftArm,2,,1200,600,,52,,3,40,42,,,,KINETIC,20.9,,0,0.2,4,0.1,0,5,1,15,,700,,,30,"SYSTEM,PD_ALSO,PD",,,Arma Armatura,,Anti Armor,,,,,,,,,,4.5,,
Pulverizer,armaa_garegga_xiv_leftArm,2,,1200,80,,500,,3,100,42,,,,HIGH_EXPLOSIVE,1,,0,0.15,10,0.2,0,0,0,0,,100,,,30,SYSTEM,,,Arma Armatura,,Pounding,,,,,,,,,,4.5,,
Mini Mjolnir,armaa_garegga_xiv_rightArm,2,,1000,700,,200,100,5,40,42,,,,ENERGY,250,,0,1.15,3,0.15,,15,1,10,,900,,,30,SYSTEM,,,Arma Armatura,,Anti Armor,,,,,,,,,,4.5,,
Mutilator,armaa_garegga_rightArm,2,,1000,600,,82,,5,40,42,,,,HIGH_EXPLOSIVE,55.25,,0,0.14,1,,0,20,0.9,10,,850,,,30,"SYSTEM,PD_ALSO,PD",,,Arma Armatura,,Anti Armor,,,,,,,,,,4.5,,
,armaa_garegga_xiv_head,,,,,,,,,,,,,,,,,,,,,,,,,,,,,,SYSTEM,,,,,,,,,,,,,,,999,,
Ion Buster,armaa_ionBuster,3,0.7,500,500,,275,1250,0,40,6,,,,ENERGY,540,,0.55,7,,,,,,,,800,,,,"STRIKE, USE_VS_FRIGATES","energy8,rare_bp, hist1t, merc",,Arma Armatura,,Suppression(Strike),,,,,"Hits on hull or armor arc to weapons and engines, dealing extra damage equal to the original hit. May generate shield-piercing EMP arcs, depending on the target's flux level.",25%,,,,19,,
,,,,,,,1.133333333,,,,,,,,,,,,,,,,,,,,,,,,,,,,,,,,,,,,,,,,,
#GAREGGA TT,,,,,,,,,,,,,,,,,,,,,,,,,,,,,,,,,,,,,,,,,,,,,,,,
,armaa_garegga_rightPauldron_tt,,,,,,,,,,,,,,,,,,,,,,,,,,,,,,SYSTEM,,,,,,,,,,,,,,,999,,
,armaa_garegga_leftPauldron_tt,,,,,,,,,,,,,,,,,,,,,,,,,,,,,,SYSTEM,,,,,,,,,,,,,,,999,,
Pulse Laser,armaa_garegga_leftArm_tt,2,,1200,600,,100,,1,20,42,,,,ENERGY,80,,0,0.33,,,,,,,,1000,,,30,"SYSTEM,PD_ALSO,PD",,,,,General,,,,,,,,,,4.5,,
Pulse Laser,armaa_garegga_rightArm_tt,2,,1000,600,,100,,1,20,42,,,,ENERGY,80,,,0.33,,,,,,,,1000,,,30,"SYSTEM,PD_ALSO,PD",,,,,General,,,,,,,,,,4.5,,
,,,,,,,,,,,,,,,,,,,,,,,,,,,,,,,,,,,,,,,,,,,,,,,,
,armaa_garegga_xiv_rightPauldron,,,,,,,,,,,,,,,,,,,,,,,,,,,,,,SYSTEM,,,,,,,,,,,,,,,999,,
,armaa_garegga_xiv_leftPauldron,,,,,,,,,,,,,,,,,,,,,,,,,,,,,,SYSTEM,,,,,,,,,,,,,,,999,,
#ALTAGRAVE SYSTEM,,,,,,,,,,,,,,,,,,,,,,,,,,,,,,,,,,,,,,,,,,,,,,,,
Adharma Seeker,armaa_karma,,,,1000,50,150,400,25,,,3,0.1,,KINETIC,0,0,0,5,3,0.1,90,90,0,0,,700,700,10,150,SYSTEM,,,,,,,,,,,,,,,,,
,armaa_karmicburst,,,,320,,300,0,40,80,0,,,,ENERGY,200,,0.4,2,1,,,,,,,600,,,100,"SYSTEM, PD",energy20,,,,Point Defense,,,,,,,,,,8.018,,
#Strikecraft Misc,,,,,,,,,,,,,,,,,,,,,,,,,,,,,,,,,,,,,,,,,,,,,,,,
Landing Override ,armaa_landingBeacon,,1,1,600,1,1,1,1,1,99,1,,,OTHER,1,1,0,1,1,1,,,,,,0,0,0,0,SYSTEM,,,Arma Armatura,,Priority Refit,,,,,,,Only usable by flagship.,,,,,
Dbit,armaa_dummyBit,,,,,1,,,,,,1,,,OTHER,,,,,,,,,,,,0,0,0,0,SYSTEM,,,Arma Armatura,,,,,,,,,Only usable by flagship.,,,,,
#WhiteBase,,,,,,,,,,,,,,,,,,,,,,,,,,,,,,,,,,,,,,,,,,,,,,,,
,armaa_catapultLauncher,,,,,1,,,,,,1,,,OTHER,,,,,,,,,,,,0,0,0,0,SYSTEM,,,Arma Armatura,,,,,,,,,Only usable by flagship.,,,,,
,armaa_catapultLander,,,,,1,,,,,,1,,,OTHER,,,,,,,,,,,,0,0,0,0,SYSTEM,,,Arma Armatura,,,,,,,,,Only usable by flagship.,,,,,
#Monitor,,,,,,,,,,,,,,,,,,,,,,,,,,,,,,,,,,,,,,,,,,,,,,,,
,armaa_monitor_leftPauldron,,,,,,,,,,,,,,,,,,,,,,,,,,,,,,SYSTEM,,,,,,,,,,,,,,,999,,
,armaa_monitor_xiv_leftPauldron,,,,,,,,,,,,,,,,,,,,,,,,,,,,,,SYSTEM,,,,,,,,,,,,,,,999,,
,armaa_monitor_leftArm,,,,600,1,,,,,,,,,,,,,,,,,,,,,,,,,SYSTEM,,,,,Strike,,,,,"%s: Deals full damage immediately on contact, slightly pushing the user back.",The Sanctioned Action Is To Cut,,,TRUE,999,,
,armaa_monitor_leftArm_deco,,,,,,,,,,,,,,,,,,,,,,,,,,,,,,SYSTEM,,,,,,,,,,,,,,,999,,
,armaa_monitor_rightPauldron,,,,,,,,,,,,,,,,,,,,,,,,,,,,,,SYSTEM,,,,,,,,,,,,,,,999,,
,armaa_monitor_xiv_rightPauldron,,,,,,,,,,,,,,,,,,,,,,,,,,,,,,SYSTEM,,,,,,,,,,,,,,,999,,
Hellbore,armaa_monitor_rightArm,0,,3000,900,,750,,200,5,0,,,,HIGH_EXPLOSIVE,750,,0,3,1,,0,10,5,10,,500,,,400,"SYSTEM,STRIKE,USE_VS_FRIGATES",,,,,Anti Armor,,,,,,,,,,5,,
,armaa_monitor_deco,,,,,,,,,,,,,,,,,,,,,,,,,,,,,,SYSTEM,,,,,,,,,,,,,,,999,,
,armaa_monitor_deco_right,,,,,,,,,,,,,,,,,,,,,,,,,,,,,,SYSTEM,,,,,,,,,,,,,,,999,,
,armaa_monitor_glow,,,,,,,,,,,,,,,,,,,,,,,,,,,,,,SYSTEM,,,,,,,,,,,,,,,999,,
,armaa_monitor_xiv_head,,,,,,,,,,,,,,,,,,,,,,,,,,,,,,SYSTEM,,,,,,,,,,,,,,,999,,
,armaa_monitor_xiv_leftArm,,,,,,,,,,,,,,,,,,,,,,,,,,,,,,SYSTEM,,,,,,,,,,,,,,,999,,
Hellbore,armaa_monitor_xiv_rightArm,0,,3000,900,,750,,200,5,0,,,,HIGH_EXPLOSIVE,750,,0,3,1,,0,10,5,10,,500,,,400,"SYSTEM,STRIKE,USE_VS_FRIGATES",,,,,Anti Armor,,,,,,,,,,5,,
Barretta Flechette Cannon,armaa_barretta,3,0.2,6000,1000,,1200,300,100,5,25,,,,FRAGMENTATION,600,,0,2,1,0,2,5,2,1,,1500,,,500,"SYSTEM,STRIKE,USE_VS_FRIGATES",,,Arma Armatura,,Suppression,,,,,,,Deals an additional %s damage to armor directly. This damage is not affected by armor damage reduction.,200,,,,
Barretta Flechette Cannon,armaa_barretta2,3,0.2,6000,1000,,1200,,150,5,25,,,,ENERGY,600,,0,2,1,0,2,5,2,1,,2000,,,500,SYSTEM,,,Arma Armatura,,Suppression,,,,,,,Deals an additional %s damage to armor directly. This damage is not affected by armor damage reduction.,200,,,,
#Corsair,,,,,,,,,,,,,,,,,,,,,,,,,,,,,,,,,,,,,,,,,,,,,,,,
,armaa_corsair_leftShoulder,,,,,,,,,,,,,,,,,,,,,,,,,,,,,,SYSTEM,,,,,,,,,,,,,,,999,,
,armaa_corsair_leftShoulder_p,,,,,,,,,,,,,,,,,,,,,,,,,,,,,,SYSTEM,,,,,,,,,,,,,,,999,,
,armaa_corsair_leftShoulder_isen,,,,,,,,,,,,,,,,,,,,,,,,,,,,,,SYSTEM,,,,,,,,,,,,,,,999,,
,armaa_corsair_leftArm,,,,,,,,,,,,,,,,,,,,,,,,,,,,,,SYSTEM,,,,,,,,,,,,,,,999,,
,armaa_corsair_leftArm_cover,,,,,,,,,,,,,,,,,,,,,,,,,,,,,,SYSTEM,,,,,,,,,,,,,,,999,,
,armaa_corsair_leftArm_isen_cover,,,,,,,,,,,,,,,,,,,,,,,,,,,,,,SYSTEM,,,,,,,,,,,,,,,999,,
,armaa_corsair_rightArm,,,,,,,,,,,,,,,,,,,,,,,,,,,,,,SYSTEM,,,,,,,,,,,,,,,999,,
,armaa_corsair_rightArm_isen_cover,,,,,,,,,,,,,,,,,,,,,,,,,,,,,,SYSTEM,,,,,,,,,,,,,,,999,,
,armaa_corsair_rightArm_cover,,,,,,,,,,,,,,,,,,,,,,,,,,,,,,SYSTEM,,,,,,,,,,,,,,,999,,
,armaa_corsair_lights,,,,,,,,,,,,,,,,,,,,,,,,,,,,,,SYSTEM,,,,,,,,,,,,,,,999,,
,armaa_corsair_lights_p,,,,,,,,,,,,,,,,,,,,,,,,,,,,,,SYSTEM,,,,,,,,,,,,,,,999,,
,armaa_corsair_rightShoulder,,,,,,,,,,,,,,,,,,,,,,,,,,,,,,SYSTEM,,,,,,,,,,,,,,,999,,
,armaa_corsair_rightShoulder_p,,,,,,,,,,,,,,,,,,,,,,,,,,,,,,SYSTEM,,,,,,,,,,,,,,,999,,
,armaa_corsair_rightShoulder_isen,,,,,,,,,,,,,,,,,,,,,,,,,,,,,,SYSTEM,,,,,,,,,,,,,,,999,,
#LEGIO,,,,,,,,,,,,,,,,,,,,,,,,,,,,,,,,,,,,,,,,,,,,,,,,
Daemon's Gaze,armaa_legioMech_head,,,600,800,50,,,20,50,99,,,,ENERGY,,35,,,1,0.1,,,,,1000000,,,,,"PD,SYSTEM,ANTI_FTR,IGNORES_FLARES",,,,,Point Defense,,,,,,,,,,,,
,armaa_legioMech_leftArm,,,,,,,,,,,,,,,,,,,,,,,,,,,,,,SYSTEM,,,,,,,,,,,,,,,999,,
,armaa_legioMech_leftArm_cover,,,,,,,,,,,,,,,,,,,,,,,,,,,,,,SYSTEM,,,,,,,,,,,,,,,999,,
,armaa_legioMech_rightArm,,,,,,,,,,,,,,,,,,,,,,,,,,,,,,SYSTEM,,,,,,,,,,,,,,,999,,
,armaa_legioMech_rightArm_cover,,,,,,,,,,,,,,,,,,,,,,,,,,,,,,SYSTEM,,,,,,,,,,,,,,,999,,
,armaa_legioMech_lights,,,,,,,,,,,,,,,,,,,,,,,,,,,,,,SYSTEM,,,,,,,,,,,,,,,999,,
,armaa_caymon_deco,,,,,,,,,,,,,,,,,,,,,,,,,,,,,,SYSTEM,,,,,,,,,,,,,,,999,,
#LEGS,,,,,,,,,,,,,,,,,,,,,,,,,,,,,,,,,,,,,,,,,,,,,,,,
,armaa_valkazard_legs,,,,1,1,,,,,,,,,,,,,10,,,,,,,,,,,,SYSTEM,,,,,,,,,,,,,,,999,,
,armaa_ht_legs,,,,600,1,,,,,,,,,,,,,10,,,,,,,,,,,,SYSTEM,,,,,,,,,,,,,,,999,,
,armaa_dd_legs,,,,600,1,,,,,,,,,,,,,10,,,,,,,,,,,,SYSTEM,,,,,,,,,,,,,,,999,,
#Ceylon,,,,,,,,,,,,,,,,,,,,,,,,,,,,,,,,,,,,,,,,,,,,,,,,
,armaa_awacsSuite,,,,1,1,,,,,,,,,,,,,,,,,,,,,,,,,SYSTEM,,,,,,,,,,,,,,,,,
,armaa_deco_ceylon_lights,,,,,,,,,,,,,,,,,,,,,,,,,,,,,,SYSTEM,"no_drop, no_drop_salvage",,,,,,,,,,,,,,,,YY Deco
,armaa_deco_ceylon_spinny,,,,,,,,,,,,,,,,,,,,,,,,,,,,,,SYSTEM,"no_drop, no_drop_salvage",,,,,,,,,,,,,,,,YY Deco
,armaa_deco_ceylon_stab,,,,,,,,,,,,,,,,,,,,,,,,,,,,,,SYSTEM,"no_drop, no_drop_salvage",,,,,,,,,,,,,,,,
#Universal Decos,,,,,,,,,,,,,,,,,,,,,,,,,,,,,,,,,,,,,,,,,,,,,,,,
#armaa Blinker Command,armaa_blinker_command,,,,,,,,,,,,,,,,,,,,,,,,,,,,,,SYSTEM,"no_drop, no_drop_salvage",,,,,,,,,,,,,,,,
#armaa Blinker Red,armaa_blinker_red,,,,,,,,,,,,,,,,,,,,,,,,,,,,,,SYSTEM,"no_drop, no_drop_salvage",,,,,,,,,,,,,,,,
#armaa Blinker Green,armaa_blinker_green,,,,,,,,,,,,,,,,,,,,,,,,,,,,,,SYSTEM,"no_drop, no_drop_salvage",,,,,,,,,,,,,,,,
#armaa Blinker White,armaa_blinker_white,,,,,,,,,,,,,,,,,,,,,,,,,,,,,,SYSTEM,"no_drop, no_drop_salvage",,,,,,,,,,,,,,,,
#armaa Blinker White Long,armaa_blinker_white30,,,,,,,,,,,,,,,,,,,,,,,,,,,,,,SYSTEM,"no_drop, no_drop_salvage",,,,,,,,,,,,,,,,
Retrothruster,armaa_retrothruster,,,,1,1,,,,,,,,,,,,,10,,,,,,,,,,,,SYSTEM,,,,,,,,,,,,,,,,,
Small Engine,armaa_emthrust_s,,,,1,1,,,,,,,,,,,,,10,,,,,,,,,,,,SYSTEM,,,,,,,,,,,,,,,,,
